run_id,Bo,Mo,Sc,E,d,t_detach,Vbubble_detach,yCent_detach,jNorm_detach,mGrowth_detach,dC_detach,kL_detach,dNb_detach,detached,Vbubble_end,yCent_end,jNorm_end,mGrowth_end,dC_end,Aint_end,jNorm_mean,mGrowth_mean,AdCInt
S000,0.70222288,1.37E-13,347.16175,13.011954,0.16125307,0.00404354,2.87E-13,0.0710482,0.987819,1.07E-19,0.000195558,0.00109965,4.13E-19,1,2.87E-13,0.920913,0.980846,9.31E-20,0.0028074,1.49E-09,0.98557,5.07E-19,3.76E-16
S001,0.94972288,7.70E-10,159.66175,22.886954,0.23625307,0.00631401,6.17E-13,0.107001,0.974225,1.24E-17,0.0165266,0.00022881,2.04E-17,1,6.17E-13,0.848521,0.961703,9.43E-17,0.111751,2.06E-09,0.970237,2.55E-17,8.91E-14
S002,0.45472288,2.44E-12,284.66175,3.1369544,0.38625307,0.00520092,1.65E-12,0.170118,0.931585,8.45E-19,0.000887327,0.000159892,1.06E-18,1,1.65E-12,0.943762,0.863297,6.11E-18,0.0071221,2.66E-09,0.919893,8.27E-19,6.61E-15
S003,0.33097288,1.83E-10,378.41175,8.0744544,0.34875307,0.00473021,1.34E-12,0.156281,0.944265,8.51E-18,0.00495277,0.00039581,1.20E-17,1,1.34E-12,0.840183,0.937539,5.52E-17,0.0450904,2.94E-09,0.936321,8.64E-18,3.03E-14
S004,0.82597288,5.78E-13,253.41175,27.824454,0.19875307,0.00486948,4.37E-13,0.0878805,0.981404,4.38E-19,0.00135508,0.000258305,1.14E-18,1,4.37E-13,0.93568,0.97139,1.54E-18,0.0137197,1.86E-09,0.978102,2.01E-18,4.40E-15
S005,0.57847288,1.03E-11,315.91175,17.949454,0.31974916,0.00539147,1.13E-12,0.141667,0.95287,3.54E-18,0.0043109,0.000167638,4.59E-18,1,1.13E-12,0.896921,0.95581,2.36E-17,0.0333907,2.26E-09,0.944946,4.49E-18,2.74E-14
S006,0.083472881,3.25E-14,190.91175,37.699454,0.27375307,0.00186528,8.28E-13,0.118731,0.965341,2.78E-18,0.0042368,0.000222353,1.73E-18,1,8.28E-13,0.944424,0.954034,3.61E-17,0.0997616,1.69E-09,0.95914,1.06E-17,7.78E-15
S007,0.021597881,3.75E-10,331.53675,25.355704,0.14250307,0.001021,2.25E-13,0.0629265,0.990619,4.00E-17,0.00918812,0.00250717,1.18E-17,1,2.25E-13,0.569076,0.98803,3.86E-16,0.387563,1.20E-09,0.989198,1.45E-16,4.72E-15
S008,0.51659788,1.19E-12,206.53675,5.6057044,0.29250307,0.00476815,9.46E-13,0.128625,0.960311,4.80E-19,0.00102539,0.000107193,5.60E-19,1,9.46E-13,0.932175,0.949121,5.10E-18,0.00897975,1.97E-09,0.953378,1.04E-18,5.22E-15
S009,0.76409788,2.11E-11,394.03675,35.230704,0.36750307,0.00662327,1.49E-12,0.163891,0.937968,9.38E-18,0.0098411,0.000172322,1.53E-17,1,1.49E-12,0.855507,0.929415,5.06E-17,0.0644898,3.17E-09,0.927697,8.61E-18,8.89E-14
S010,0.26909788,6.67E-14,269.03675,15.480704,0.21750307,0.00295829,5.23E-13,0.0948011,0.977998,2.62E-19,0.000677035,0.000303242,4.52E-19,1,5.23E-13,0.955323,0.969571,1.01E-18,0.0111436,1.53E-09,0.974009,1.42E-18,1.49E-15
S011,0.39284788,5.00E-12,175.28675,10.543204,0.18000307,0.00335728,3.58E-13,0.0792463,0.984945,8.97E-19,0.0013196,0.000457944,1.22E-18,1,3.58E-13,0.962998,0.978898,6.32E-18,0.0169706,1.28E-09,0.982267,3.71E-18,2.66E-15
S012,0.88784788,1.58E-14,300.28675,30.293204,0.33000307,0.00634846,1.20E-12,0.14541,0.948877,1.36E-19,0.00138254,2.53E-05,2.70E-19,1,1.20E-12,0.932681,0.92836,1.37E-19,0.0110842,2.46E-09,0.939947,6.66E-19,1.07E-14
S013,0.64034788,8.90E-11,237.78675,0.66820441,0.25500307,0.005239,7.17E-13,0.1138,0.970022,1.87E-19,0.000235698,0.000224274,2.56E-19,1,7.17E-13,0.933705,0.960363,1.48E-18,0.00190233,2.29E-09,0.965206,3.44E-19,1.14E-15
S014,0.14534788,2.81E-13,362.78675,20.418204,0.10500307,0.00155358,1.21E-13,0.0456491,0.994919,6.65E-19,0.000105554,0,1.15E-18,1,1.21E-13,0.973526,0.994246,1.09E-18,0.00695467,7.13E-10,0.993801,2.86E-18,2.78E-17
S015,0.17628538,6.21E-11,198.72425,19.183829,0.39562807,0.00367249,1.73E-12,0.176411,0.928533,7.85E-17,0.0254819,0.000485291,6.68E-17,1,1.73E-12,0.916021,0.909239,4.92E-16,0.295012,2.40E-09,0.918328,6.05E-17,1.38E-13
S016,0.67128538,1.96E-13,323.72425,38.933829,0.24562807,0.00487218,6.67E-13,0.108031,0.971754,4.37E-19,0.00187027,0.000107927,8.54E-19,1,6.67E-13,0.931643,0.967021,1.62E-18,0.0186855,1.96E-09,0.966738,1.96E-18,7.91E-15
S017,0.91878538,3.49E-12,261.22425,9.3088294,0.17062807,0.0047941,3.21E-13,0.0756878,0.986343,2.26E-19,0.000486967,0.000413255,5.33E-19,1,3.21E-13,0.857362,0.975262,1.15E-18,0.00471512,1.58E-09,0.983908,9.63E-19,1.29E-15
S018,0.42378538,1.10E-14,386.22425,29.058829,0.32062807,0.00441129,1.14E-12,0.139832,0.952272,1.59E-19,0.00109325,4.05E-05,2.28E-19,1,1.14E-12,0.927221,0.940081,2.99E-19,0.0123852,2.27E-09,0.943667,8.02E-19,5.64E-15
S019,0.30003538,1.47E-11,292.47425,24.121329,0.28312807,0.00378312,8.86E-13,0.125055,0.96306,7.22E-18,0.00656924,0.000272019,6.98E-18,1,8.86E-13,0.928288,0.959789,6.16E-17,0.0669566,1.76E-09,0.957004,1.15E-17,2.57E-14
S020,0.79503538,4.66E-14,167.47425,4.3713294,0.13312807,0.00389479,1.96E-13,0.0588254,0.991623,5.63E-20,4.72E-05,0,2.99E-19,1,1.96E-13,0.833293,0.984833,1.70E-20,0.00103494,1.24E-09,0.989977,2.35E-19,4.99E-17
S021,0.54753538,2.62E-10,354.97425,33.996329,0.20812807,0.00454357,4.78E-13,0.0930453,0.979999,5.66E-18,0.00759613,0.000302589,7.68E-18,1,4.78E-13,0.934195,0.975078,4.29E-17,0.0686801,1.81E-09,0.976873,1.61E-17,2.54E-14
S022,0.052535381,8.28E-13,229.97425,14.246329,0.11027651,0.000987511,1.34E-13,0.0481126,0.994367,2.14E-18,0.000370538,0,1.69E-18,1,1.34E-13,0.600364,0.992812,5.77E-18,0.0244219,9.32E-10,0.993206,9.41E-18,8.70E-17
S023,0.11441038,7.17E-12,339.34925,1.9025794,0.22687807,0.00212573,5.69E-13,0.0996934,0.976208,4.19E-19,0.0003118,0.000485863,2.59E-19,1,5.69E-13,0.953305,0.968535,4.63E-18,0.00556202,1.48E-09,0.97231,1.14E-18,5.33E-16
S024,0.60941038,2.27E-14,214.34925,21.652579,0.37687807,0.00569634,1.57E-12,0.165063,0.934177,3.46E-19,0.00218693,2.93E-05,5.09E-19,1,1.57E-12,0.923998,0.913167,1.19E-18,0.0190213,2.32E-09,0.922431,1.05E-18,1.74E-14
S025,0.85691038,1.27E-10,276.84925,11.777579,0.30187807,0.00652693,1.01E-12,0.135531,0.958019,4.40E-18,0.00498607,0.000199445,7.21E-18,1,1.01E-12,0.929403,0.939701,2.87E-17,0.0330348,2.86E-09,0.951299,5.49E-18,3.62E-14
S026,0.36191038,4.03E-13,151.84925,31.527579,0.15187807,0.00290042,2.55E-13,0.066546,0.989248,1.34E-18,0.00150975,0.0019349,3.66E-18,1,2.55E-13,0.970386,0.983713,4.83E-18,0.0271842,1.13E-09,0.987224,6.48E-18,1.89E-15
S027,0.48566038,5.38E-10,245.59925,36.465079,0.35256166,0.00585715,1.37E-12,0.159447,0.943027,6.95E-17,0.042545,0.000340633,1.11E-16,1,1.37E-12,0.863329,0.940493,4.31E-16,0.319592,2.96E-09,0.935157,6.81E-17,3.26E-13
S028,0.98066038,1.70E-12,370.59925,16.715079,0.26437807,0.00609695,7.72E-13,0.117359,0.96724,3.91E-19,0.00126904,8.13E-05,6.03E-19,1,7.72E-13,0.934787,0.952671,2.81E-18,0.00946699,2.59E-09,0.961647,1.06E-18,7.42E-15
S029,0.73316038,3.02E-11,183.09925,26.590079,0.33937807,0.00628528,1.27E-12,0.151381,0.946984,1.51E-17,0.0152772,0.000177029,2.14E-17,1,1.27E-12,0.87042,0.942996,1.00E-16,0.105579,2.79E-09,0.93824,1.52E-17,1.21E-13
S030,0.23816038,9.56E-14,308.09925,6.8400794,0.18937807,0.00261356,3.97E-13,0.0825616,0.983275,1.19E-19,0.000218746,0.000600474,2.13E-19,1,3.97E-13,0.961232,0.977316,4.25E-19,0.00408754,1.29E-09,0.980213,6.53E-19,3.55E-16
S031,0.25362913,9.22E-10,397.943,14.863517,0.26906557,0.00405725,8.00E-13,0.121472,0.966495,1.35E-17,0.00936437,0.000522156,1.97E-17,1,8.00E-13,0.919704,0.962262,1.05E-16,0.0989422,2.29E-09,0.962378,2.34E-17,3.78E-14
S032,0.74862913,2.92E-12,272.943,34.613517,0.11906557,0.00366512,1.57E-13,0.0527315,0.993337,8.30E-19,0.000626908,0.00418569,2.58E-18,1,1.57E-13,0.802988,0.988058,1.94E-18,0.0105275,1.09E-09,0.991979,3.48E-18,6.15E-16
S033,0.99612913,5.19E-11,335.443,4.9885169,0.19406557,0.00547068,4.16E-13,0.0867799,0.982434,2.75E-19,0.000540586,0.000214463,4.26E-19,1,4.16E-13,0.847553,0.973076,1.53E-18,0.00429577,1.70E-09,0.979436,8.76E-19,1.99E-15
S034,0.50112913,1.64E-13,210.443,24.738517,0.34406557,0.00501567,1.31E-12,0.150734,0.945249,1.24E-18,0.00371369,6.61E-05,1.56E-18,1,1.31E-12,0.946638,0.898234,1.01E-17,0.0338608,2.49E-09,0.935561,2.64E-18,2.36E-14
S035,0.37737913,1.23E-11,241.693,29.676017,0.38156557,0.0048674,1.61E-12,0.168857,0.933519,2.39E-17,0.0155025,0.000247974,2.65E-17,1,1.61E-12,0.764537,0.922574,1.56E-16,0.138382,3.23E-09,0.922679,2.00E-17,1.07E-13
S036,0.87237913,3.89E-14,366.693,9.9260169,0.23156557,0.00530348,5.91E-13,0.102172,0.974768,4.55E-20,0.00022687,0.00014433,1.38E-19,1,5.91E-13,0.937792,0.964207,3.32E-20,0.00221168,2.30E-09,0.970329,2.25E-19,9.57E-16
S037,0.62487913,2.19E-10,179.193,39.551017,0.15656557,0.00413954,2.71E-13,0.06993,0.988626,7.04E-18,0.0088403,0.000418631,7.89E-18,1,2.71E-13,0.838814,0.983227,4.55E-17,0.0887027,1.34E-09,0.986649,2.73E-17,1.89E-14
S038,0.12987913,6.92E-13,304.193,19.801017,0.30656557,0.00251857,1.04E-12,0.133827,0.956734,4.01E-18,0.00341115,0.000266511,2.57E-18,1,1.04E-12,0.937446,0.942258,4.72E-17,0.0532837,1.99E-09,0.949311,6.88E-18,9.63E-15
S039,0.068004131,2.53E-11,163.568,7.4572669,0.10031557,0.00113786,1.11E-13,0.0440821,0.995338,3.49E-18,0.000619463,0,1.53E-18,1,1.11E-13,0.731454,0.994058,1.19E-17,0.0280743,8.40E-10,0.994327,1.39E-17,1.59E-16
S040,0.56300413,7.99E-14,288.568,27.207267,0.25031557,0.00450628,6.92E-13,0.109771,0.970723,2.84E-19,0.00127299,0.0001048,5.33E-19,1,6.92E-13,0.947932,0.960635,7.67E-19,0.0139242,1.74E-09,0.965495,1.38E-18,5.09E-15
S041,0.81050413,4.49E-10,226.068,17.332267,0.32531557,0.00686801,1.17E-12,0.14721,0.951414,1.67E-17,0.0149915,0.000247404,3.06E-17,1,1.17E-12,0.920368,0.934201,1.08E-16,0.0956751,3.00E-09,0.944108,1.85E-17,1.24E-13
S042,0.31550413,1.42E-12,351.068,37.082267,0.17531557,0.00294737,3.40E-13,0.0768681,0.985697,1.09E-18,0.00164731,0.000662764,1.82E-18,1,3.40E-13,0.962775,0.980894,7.59E-18,0.0236512,1.22E-09,0.98311,5.27E-18,2.75E-15
S043,0.43925413,1.06E-10,319.818,32.144767,0.21281557,0.00407053,5.01E-13,0.0946214,0.979034,5.49E-18,0.00695024,0.000310733,6.62E-18,1,5.01E-13,0.935531,0.975297,4.50E-17,0.070174,1.82E-09,0.975666,1.56E-17,2.13E-14
S044,0.93425413,3.37E-13,194.818,12.394767,0.36281557,0.00689464,1.45E-12,0.160348,0.938633,6.46E-19,0.00223696,4.88E-05,1.02E-18,1,1.45E-12,0.907953,0.923603,4.43E-18,0.015184,2.92E-09,0.928055,1.13E-18,2.08E-14
S045,0.68675413,5.99E-12,382.318,22.269767,0.28781557,0.00548411,9.15E-13,0.127444,0.961607,1.62E-18,0.00297926,0.000129704,2.23E-18,1,9.15E-13,0.896337,0.953742,1.14E-17,0.0233966,2.36E-09,0.95507,2.93E-18,1.72E-14
S046,0.19175413,1.89E-14,257.318,2.5197669,0.13781557,0.00200046,2.09E-13,0.0599954,0.991183,4.33E-20,2.47E-05,0,1.23E-19,1,2.09E-13,0.973551,0.987368,2.44E-20,0.000930363,9.19E-10,0.98946,2.12E-19,1.64E-17
S047,0.16081663,4.18E-12,280.7555,38.316642,0.35344057,0.00308584,1.38E-12,0.155442,0.942799,2.63E-17,0.0142342,0.000352831,2.02E-17,1,1.38E-12,0.926262,0.925754,2.29E-16,0.184157,2.25E-09,0.933432,2.70E-17,5.73E-14
S048,0.65581663,1.32E-14,155.7555,18.566642,0.20344057,0.00434765,4.57E-13,0.089387,0.980542,1.85E-19,0.000611573,0.000421582,7.31E-19,1,4.57E-13,0.957039,0.971549,6.81E-20,0.00761127,1.64E-09,0.977008,9.41E-19,1.73E-15
S049,0.90331663,7.43E-11,343.2555,28.441642,0.12844057,0.00428645,1.82E-13,0.0572504,0.992301,1.16E-18,0.00134172,0.00104623,2.20E-18,1,1.82E-13,0.746708,0.986662,3.56E-18,0.0148252,1.15E-09,0.99082,4.99E-18,2.10E-15
S050,0.40831663,2.35E-13,218.2555,8.6916419,0.27844057,0.00410792,8.56E-13,0.121731,0.963996,3.21E-19,0.000961919,9.81E-05,3.89E-19,1,8.56E-13,0.942977,0.951044,3.09E-18,0.0103772,1.90E-09,0.957627,1.08E-18,3.97E-15
S051,0.28456663,3.13E-10,187.0055,3.7541419,0.31594057,0.00432382,1.10E-12,0.141965,0.954024,8.64E-18,0.00475094,0.000422325,1.01E-17,1,1.10E-12,0.870403,0.947231,6.35E-17,0.048686,2.67E-09,0.94781,1.03E-17,2.40E-14
S052,0.77956663,9.91E-13,312.0055,23.504142,0.16594057,0.0043525,3.04E-13,0.0733409,0.987076,3.46E-19,0.000715379,0.000639445,1.03E-18,1,3.04E-13,0.898922,0.980738,1.13E-18,0.00821451,1.45E-09,0.984711,1.62E-18,1.60E-15
S053,0.53206663,1.76E-11,249.5055,13.629142,0.24094057,0.00454381,6.41E-13,0.106746,0.973146,1.70E-18,0.00281821,0.000200177,2.21E-18,1,6.41E-13,0.906723,0.973307,1.50E-17,0.0259201,1.87E-09,0.968606,4.34E-18,1.10E-14
S054,0.037066631,5.57E-14,374.5055,33.379142,0.10148744,0.000779418,1.14E-13,0.0441652,0.99522,1.94E-18,0.000104733,0,1.82E-18,1,1.14E-13,0.521742,0.993992,2.98E-18,0.0207419,8.76E-10,0.994168,8.29E-18,1.21E-17
S055,0.098941631,1.53E-10,265.1305,21.035392,0.18469057,0.00199349,3.77E-13,0.0820911,0.984166,1.31E-17,0.00725018,0.000810017,7.57E-18,1,3.77E-13,0.924694,0.982565,1.24E-16,0.15208,1.55E-09,0.981958,4.23E-17,9.35E-15
S056,0.59394163,4.83E-13,390.1305,1.2853919,0.33469057,0.0053931,1.24E-12,0.147045,0.94817,4.91E-20,0.000123621,7.79E-05,6.40E-20,1,1.24E-12,0.923011,0.932784,4.17E-19,0.000983143,2.32E-09,0.939125,8.92E-20,8.22E-16
S057,0.84144163,8.58E-12,202.6305,30.910392,0.25969057,0.00573843,7.46E-13,0.115452,0.968558,3.01E-18,0.00659799,0.000121695,4.34E-18,1,7.46E-13,0.944816,0.950625,2.39E-17,0.0517767,2.60E-09,0.963196,6.86E-18,3.56E-14
S058,0.34644163,2.71E-14,327.6305,11.160392,0.36369447,0.00428292,1.46E-12,0.158441,0.938926,2.20E-19,0.000840456,5.01E-05,2.42E-19,1,1.46E-12,0.927297,0.918263,1.06E-18,0.00941399,2.21E-09,0.927996,5.90E-19,4.83E-15
S059,0.47019163,3.62E-11,358.8805,16.097892,0.14719057,0.00340319,2.40E-13,0.0651863,0.989935,8.94E-19,0.00101989,0.000788514,1.26E-18,1,2.40E-13,0.922676,0.986204,4.24E-18,0.0130708,1.27E-09,0.988112,3.89E-18,1.59E-15
S060,0.96519163,1.14E-13,233.8805,35.847892,0.29719057,0.00630749,9.75E-13,0.131382,0.958475,4.64E-19,0.00275006,4.08E-05,7.70E-19,1,9.75E-13,0.92921,0.935762,1.26E-18,0.0217315,2.99E-09,0.951307,1.66E-18,1.89E-14
S061,0.71769163,6.44E-10,296.3805,6.2228919,0.37219057,0.00710043,1.53E-12,0.168985,0.936682,8.46E-18,0.00615479,0.000284925,1.72E-17,1,1.53E-12,0.893041,0.923492,4.92E-17,0.0379675,3.23E-09,0.92759,7.80E-18,6.03E-14
S062,0.22269163,2.03E-12,171.3805,25.972892,0.22219057,0.0028176,5.46E-13,0.097286,0.977139,3.67E-18,0.0047968,0.000294481,3.10E-18,1,5.46E-13,0.954004,0.969039,4.00E-17,0.0704911,1.52E-09,0.973151,1.22E-17,1.05E-14
S063,0.21495726,2.00E-10,302.23987,1.5939857,0.12140932,0.00226445,1.62E-13,0.053668,0.993191,3.07E-19,0.000161199,0,1.99E-19,1,1.62E-13,0.808682,0.99112,1.26E-18,0.00303612,1.02E-09,0.991928,1.27E-18,1.29E-16
S064,0.70995726,6.32E-13,177.23987,21.343986,0.27140932,0.00529372,8.13E-13,0.119682,0.965671,9.41E-19,0.00304823,8.46E-05,1.34E-18,1,8.13E-13,0.944107,0.950028,8.25E-18,0.0257334,2.04E-09,0.959676,2.79E-18,1.59E-14
S065,0.95745726,1.12E-11,364.73987,11.468986,0.34640932,0.00703281,1.32E-12,0.154507,0.944465,1.63E-18,0.00245192,0.000124678,2.76E-18,1,1.32E-12,0.916549,0.919773,8.78E-18,0.0156388,3.28E-09,0.935162,1.81E-18,2.22E-14
S066,0.46245726,3.55E-14,239.73987,31.218986,0.19640932,0.00363781,4.27E-13,0.0859864,0.981935,3.20E-19,0.000885288,0.000487842,1.00E-18,1,4.27E-13,0.959533,0.974132,2.82E-19,0.0129405,1.48E-09,0.978619,1.74E-18,2.06E-15
S067,0.33870726,4.74E-11,208.48987,36.156486,0.23390932,0.0037261,6.05E-13,0.103649,0.974733,1.12E-17,0.0125841,0.000309802,1.21E-17,1,6.05E-13,0.960648,0.958172,1.13E-16,0.129801,1.49E-09,0.970681,2.76E-17,3.92E-14
S068,0.83370726,1.50E-13,333.48987,16.406486,0.38390932,0.0067046,1.63E-12,0.169187,0.931562,4.41E-19,0.00162527,4.32E-05,6.73E-19,1,1.63E-12,0.89499,0.928588,2.11E-18,0.0115813,2.85E-09,0.919646,7.50E-19,1.56E-14
S069,0.58620726,8.43E-10,270.98987,26.281486,0.30890932,0.00602124,1.05E-12,0.139977,0.956149,2.75E-17,0.0230314,0.000320585,5.07E-17,1,1.05E-12,0.91886,0.945206,1.87E-16,0.16685,2.73E-09,0.950032,3.56E-17,1.58E-13
S070,0.091207256,2.67E-12,395.98987,6.5314857,0.15890932,0.00156675,2.79E-13,0.0695205,0.988288,5.49E-19,0.000348252,0.00145565,4.01E-19,1,2.79E-13,0.967109,0.984582,3.84E-18,0.00890408,1.01E-09,0.986205,2.55E-18,2.75E-16
S071,0.029332256,5.47E-12,255.36487,18.875236,0.25265932,0.00117699,7.05E-13,0.111219,0.97053,2.29E-17,0.00691384,0.00104801,7.78E-18,1,7.05E-13,0.908266,0.96912,2.67E-16,0.2557,2.12E-09,0.966038,4.69E-17,7.42E-15
S072,0.52433226,1.73E-14,380.36487,38.625236,0.38801088,0.00538375,1.66E-12,0.169616,0.93049,3.85E-19,0.0022687,2.87E-05,5.03E-19,1,1.66E-12,0.919868,0.900486,1.27E-18,0.0208852,2.88E-09,0.918101,1.09E-18,1.75E-14
S073,0.77183226,9.73E-11,192.86487,9.0002357,0.17765932,0.00473915,3.48E-13,0.0792726,0.985367,1.10E-18,0.00181797,0.000303941,1.58E-18,1,3.48E-13,0.86841,0.978043,7.87E-18,0.0161881,1.54E-09,0.982856,4.01E-18,5.18E-15
S074,0.27683226,3.08E-13,317.86487,28.750236,0.32765932,0.00370479,1.18E-12,0.142914,0.950585,2.13E-18,0.00357794,0.000124898,1.99E-18,1,1.18E-12,0.933436,0.933913,2.53E-17,0.0391012,2.16E-09,0.94189,3.99E-18,1.59E-14
S075,0.40058226,4.10E-10,349.11487,23.812736,0.36515932,0.00544694,1.47E-12,0.164783,0.93895,3.56E-17,0.0206277,0.000380749,5.80E-17,1,1.47E-12,0.845936,0.934595,2.19E-16,0.165348,3.07E-09,0.930612,3.42E-17,1.52E-13
S076,0.89558226,1.30E-12,224.11487,4.0627357,0.21515932,0.0052761,5.11E-13,0.0952433,0.97826,9.75E-20,0.000320406,0.000160434,2.02E-19,1,5.11E-13,0.921915,0.970171,6.37E-19,0.00281195,1.98E-09,0.974468,4.02E-19,1.26E-15
S077,0.64808226,2.31E-11,286.61487,33.687736,0.14015932,0.00380694,2.17E-13,0.0621468,0.990855,1.57E-18,0.00188601,0.000953238,2.88E-18,1,2.17E-13,0.857789,0.986002,5.68E-18,0.0234233,1.22E-09,0.989144,6.82E-18,3.02E-15
S078,0.15308226,7.30E-14,161.61487,13.937736,0.29015932,0.00259425,9.31E-13,0.126119,0.961071,1.17E-18,0.00218163,0.000147058,8.76E-19,1,9.31E-13,0.940859,0.948129,1.67E-17,0.0363791,1.88E-09,0.954123,3.70E-18,5.95E-15
S079,0.18401976,1.61E-11,372.55237,27.515861,0.20578432,0.00256964,4.68E-13,0.0905561,0.980424,4.04E-18,0.00365933,0.000445712,3.01E-18,1,4.68E-13,0.957913,0.973571,3.66E-17,0.0539752,1.37E-09,0.977196,1.26E-17,6.75E-15
S080,0.67901976,5.09E-14,247.55237,7.7658607,0.35578432,0.00584394,1.40E-12,0.156234,0.941114,1.29E-19,0.000722891,3.38E-05,1.88E-19,1,1.40E-12,0.92682,0.916767,5.01E-19,0.00607938,2.61E-09,0.93071,3.77E-19,5.56E-15
S081,0.92651976,2.86E-10,310.05237,37.390861,0.28078432,0.00663152,8.71E-13,0.126704,0.963633,1.13E-17,0.0149551,0.000216064,2.20E-17,1,8.71E-13,0.919565,0.950027,7.99E-17,0.0955855,2.55E-09,0.957932,1.75E-17,1.02E-13
S082,0.43151976,9.06E-13,185.05237,17.640861,0.13078432,0.00294791,1.89E-13,0.0574648,0.99203,6.79E-19,0.000538826,0.0033531,1.82E-18,1,1.89E-13,0.956995,0.989451,1.93E-18,0.0105749,1.17E-09,0.990461,3.07E-18,5.42E-16
S083,0.30776976,6.79E-11,216.30237,12.703361,0.16828432,0.00304739,3.13E-13,0.0744809,0.986913,2.39E-18,0.00245871,0.000537197,2.26E-18,1,3.13E-13,0.952688,0.984579,1.90E-17,0.0332709,1.38E-09,0.984731,9.26E-18,4.21E-15
S084,0.80276976,2.15E-13,341.30237,32.453361,0.31828432,0.00601541,1.12E-12,0.140274,0.952786,5.83E-19,0.00241634,5.03E-05,8.55E-19,1,1.12E-12,0.895898,0.947226,2.88E-18,0.0192177,2.79E-09,0.94457,1.49E-18,1.70E-14
S085,0.55526976,3.82E-12,153.80237,2.8283607,0.39328432,0.00578531,1.71E-12,0.173762,0.929089,1.66E-18,0.00162524,0.000151858,2.09E-18,1,1.71E-12,0.915559,0.9017,1.18E-17,0.012021,2.56E-09,0.917029,1.46E-18,1.37E-14
S086,0.060269756,1.21E-14,278.80237,22.578361,0.24328432,0.00149208,6.54E-13,0.105469,0.97256,7.47E-19,0.0011548,0.000385815,5.68E-19,1,6.54E-13,0.949051,0.964741,5.17E-18,0.0364488,1.50E-09,0.967593,4.07E-18,1.47E-15
S087,0.12214476,5.88E-10,169.42737,34.922111,0.33703432,0.0033343,1.25E-12,0.152059,0.947824,3.20E-16,0.0906196,0.000636864,2.43E-16,1,1.25E-12,0.944595,0.911607,2.10E-15,1.19988,2.15E-09,0.941856,3.24E-16,3.82E-13
S088,0.61714476,1.86E-12,294.42737,15.172111,0.18703432,0.00416323,3.86E-13,0.0824062,0.983697,3.66E-19,0.000826632,0.000326165,7.01E-19,1,3.86E-13,0.957179,0.975989,2.40E-18,0.00909915,1.81E-09,0.980773,1.64E-18,2.15E-15
S089,0.86464476,3.31E-11,231.92737,25.047111,0.11203432,0.00388733,1.39E-13,0.0498727,0.994125,1.22E-18,0.000937238,0.00277963,2.70E-18,1,1.39E-13,0.730805,0.990182,2.62E-18,0.0135048,9.93E-10,0.992881,5.07E-18,9.71E-16
S090,0.36964476,1.05E-13,356.92737,5.2971107,0.26203432,0.00378139,7.59E-13,0.114386,0.968047,7.42E-20,0.000264897,0.00011017,1.03E-19,1,7.59E-13,0.945908,0.954806,4.09E-19,0.00331137,1.91E-09,0.962333,3.30E-19,9.36E-16
S091,0.49339476,7.84E-12,325.67737,10.234611,0.29953432,0.0048304,9.92E-13,0.132327,0.958589,1.61E-18,0.00204895,0.000173015,1.88E-18,1,9.92E-13,0.936042,0.943736,1.15E-17,0.0172022,1.91E-09,0.951566,2.44E-18,1.09E-14
S092,0.98839476,2.48E-14,200.67737,29.984611,0.14953432,0.0045383,2.47E-13,0.0662545,0.989379,2.33E-19,0.000330161,0.00256704,1.36E-18,1,2.47E-13,0.811913,0.980153,6.44E-20,0.0051425,1.39E-09,0.987398,9.67E-19,5.31E-16
S093,0.74089476,1.39E-10,388.17737,20.109611,0.22453432,0.00528441,5.57E-13,0.100468,0.976693,2.16E-18,0.00365287,0.000229455,3.54E-18,1,5.57E-13,0.927203,0.967896,1.68E-17,0.0286379,2.02E-09,0.972904,5.79E-18,1.54E-14
S094,0.24589476,4.41E-13,263.17737,39.859611,0.37453432,0.00376165,1.55E-12,0.163546,0.935731,7.98E-18,0.00879192,0.000161309,7.38E-18,1,1.55E-12,0.922672,0.916485,8.64E-17,0.0925832,2.28E-09,0.924573,9.53E-18,4.58E-14
S095,0.23042601,9.39E-12,196.77112,21.961173,0.16359682,0.00252278,2.96E-13,0.0719641,0.987595,2.90E-18,0.0027482,0.000791876,2.92E-18,1,2.96E-13,0.963532,0.98442,2.12E-17,0.0446618,1.11E-09,0.985404,1.22E-17,3.69E-15
S096,0.72542601,2.97E-14,321.77112,2.2111732,0.31359682,0.00564631,1.09E-12,0.137754,0.954027,1.45E-20,0.000105769,3.58E-05,2.45E-20,1,1.09E-12,0.913112,0.952342,2.87E-20,0.000937697,2.29E-09,0.945906,6.34E-20,6.85E-16
S097,0.97292601,1.67E-10,259.27112,31.836173,0.38859682,0.007886,1.67E-12,0.175678,0.93087,3.10E-17,0.0241173,0.000206418,5.69E-17,1,1.67E-12,0.902008,0.90639,1.61E-16,0.134683,3.56E-09,0.920002,2.34E-17,2.76E-13
S098,0.47792601,5.28E-13,384.27112,12.086173,0.23859682,0.00412624,6.29E-13,0.104635,0.973483,2.25E-19,0.000655293,0.000141183,3.21E-19,1,6.29E-13,0.944762,0.966936,1.91E-18,0.00682348,1.62E-09,0.968798,8.99E-19,2.28E-15
S099,0.35417601,7.04E-10,290.52112,17.023673,0.20109682,0.00388231,4.46E-13,0.0902303,0.981295,6.70E-18,0.0066899,0.000422607,7.84E-18,1,4.46E-13,0.898505,0.976918,5.26E-17,0.0718963,1.69E-09,0.978666,1.91E-17,1.86E-14
S100,0.84917601,2.23E-12,165.52112,36.773673,0.35109682,0.00659374,1.36E-12,0.155585,0.942869,6.60E-18,0.0121766,9.05E-05,9.47E-18,1,1.36E-12,0.918532,0.927962,5.42E-17,0.0800568,2.58E-09,0.933119,8.17E-18,1.05E-13
S1000,0.54656858,4.81E-14,225.33558,39.435294,0.23537416,0.00430314,6.12E-13,0.103153,0.974088,4.16E-19,0.00183391,0.000171801,1.10E-18,1,6.12E-13,0.950684,0.962439,7.19E-19,0.0216324,1.82E-09,0.96941,2.27E-18,6.43E-15
S1001,0.79406858,2.71E-10,287.83558,9.8102943,0.16037416,0.00465965,2.84E-13,0.0718326,0.988087,9.61E-19,0.00140748,0.000357983,1.25E-18,1,2.84E-13,0.803985,0.981275,5.62E-18,0.012397,1.39E-09,0.986019,3.69E-18,3.49E-15
S1002,0.29906858,8.56E-13,162.83558,29.560294,0.31037416,0.00378136,1.06E-12,0.135809,0.955593,5.95E-18,0.00822706,0.000151758,5.37E-18,1,1.06E-12,0.936645,0.939781,7.09E-17,0.0892928,2.08E-09,0.947858,1.05E-17,3.54E-14
S1003,0.42281858,6.42E-11,256.58558,24.622794,0.27287416,0.00448577,8.23E-13,0.121358,0.965687,1.03E-17,0.00955337,0.000277584,1.18E-17,1,8.23E-13,0.932443,0.960439,8.11E-17,0.0827777,1.74E-09,0.960236,1.61E-17,4.26E-14
S1004,0.91781858,2.03E-13,381.58558,4.8727943,0.12287416,0.0040233,1.67E-13,0.0544937,0.992869,3.60E-20,2.50E-05,0,1.80E-19,1,1.67E-13,0.772092,0.986977,1.93E-20,0.000564662,1.13E-09,0.991432,1.47E-19,2.24E-17
S1005,0.67031858,3.61E-12,194.08558,34.497794,0.19787416,0.00448443,4.32E-13,0.0874611,0.981775,1.65E-18,0.00374724,0.000250584,2.84E-18,1,4.32E-13,0.955093,0.973534,1.25E-17,0.0380098,1.92E-09,0.978375,6.46E-18,1.13E-14
S1006,0.17531858,1.14E-14,319.08558,14.747794,0.34787416,0.00300219,1.34E-12,0.150858,0.944277,3.22E-19,0.00100641,6.98E-05,2.69E-19,1,1.34E-12,0.930684,0.924338,1.71E-18,0.0161285,2.24E-09,0.934266,1.04E-18,3.85E-15
S1007,0.14438108,5.17E-12,217.52308,25.857169,0.15099916,0.0019209,2.51E-13,0.0661241,0.989477,3.43E-18,0.00234869,0.00147129,3.12E-18,1,2.51E-13,0.969795,0.985475,2.35E-17,0.0509539,1.01E-09,0.987583,1.53E-17,2.12E-15
S1008,0.63938108,1.64E-14,342.52308,6.1071693,0.30099916,0.00520516,1.00E-12,0.131974,0.957688,2.94E-20,0.000225384,4.26E-05,5.45E-20,1,1.00E-12,0.933385,0.948831,3.58E-20,0.00217884,1.83E-09,0.950155,1.53E-19,1.28E-15
S1009,0.88688108,9.20E-11,155.02308,35.732169,0.37599916,0.00735494,1.56E-12,0.169182,0.93515,4.49E-17,0.0374943,0.000191472,7.37E-17,1,1.56E-12,0.895914,0.916505,2.71E-16,0.226128,3.34E-09,0.924789,3.70E-17,3.85E-13
S101,0.60167601,3.96E-11,353.02112,7.1486732,0.27609682,0.0052173,8.42E-13,0.122837,0.96482,1.30E-18,0.00162838,0.000204326,1.75E-18,1,8.42E-13,0.897245,0.960897,9.20E-18,0.0128865,2.18E-09,0.959024,2.13E-18,8.55E-15
S1010,0.39188108,2.91E-13,280.02308,15.982169,0.22599916,0.00364547,5.64E-13,0.0989339,0.976237,3.46E-19,0.000963133,0.00019842,5.50E-19,1,5.64E-13,0.952398,0.967117,2.59E-18,0.011892,1.64E-09,0.971958,1.60E-18,2.77E-15
S1011,0.26813108,3.88E-10,373.77308,11.044669,0.18849916,0.00323164,3.92E-13,0.0839902,0.983559,2.95E-18,0.002702,0.000495867,2.85E-18,1,3.92E-13,0.927963,0.981054,2.26E-17,0.034252,1.59E-09,0.981189,9.57E-18,5.76E-15
S1012,0.76313108,1.23E-12,248.77308,30.794669,0.33849916,0.00614073,1.27E-12,0.149576,0.946776,2.52E-18,0.00560996,8.01E-05,3.46E-18,1,1.27E-12,0.871597,0.941953,2.10E-17,0.0401957,2.76E-09,0.937629,3.84E-18,4.31E-14
S1013,0.51563108,2.18E-11,311.27308,1.1696693,0.26349916,0.00470248,7.67E-13,0.116827,0.967951,1.95E-19,0.000246235,0.000204379,2.26E-19,1,7.67E-13,0.905526,0.972378,1.45E-18,0.00214199,1.96E-09,0.962595,3.54E-19,1.11E-15
S1014,0.020631084,6.90E-14,186.27308,20.919669,0.11349916,0.000617546,1.43E-13,0.0493741,0.994011,4.06E-18,0.000428374,0,2.56E-18,1,1.43E-13,0.486496,0.992459,1.27E-17,0.0508355,9.74E-10,0.992792,1.81E-17,6.23E-17
S1015,0.082506084,1.89E-10,326.89808,33.263419,0.12375307,0.00150452,1.70E-13,0.0549013,0.992856,1.26E-17,0.00439201,0.0019369,4.84E-18,1,1.70E-13,0.711434,0.990914,6.84E-17,0.121057,1.04E-09,0.991657,5.16E-17,2.50E-15
S1016,0.57750608,5.97E-13,201.89808,13.513419,0.16974916,0.00382208,3.19E-13,0.0747362,0.98652,3.35E-19,0.000643241,0.00067611,8.94E-19,1,3.19E-13,0.962882,0.98011,1.26E-18,0.00848189,1.67E-09,0.984028,1.61E-18,1.32E-15
S1017,0.82500608,1.06E-11,389.39808,23.388419,0.24474916,0.00553471,6.61E-13,0.108779,0.972151,1.10E-18,0.00245158,0.000136259,1.62E-18,1,6.61E-13,0.942279,0.958428,7.14E-18,0.0198925,2.43E-09,0.967395,2.80E-18,1.19E-14
S1018,0.33000608,3.36E-14,264.39808,3.6384193,0.39474916,0.0043692,1.72E-12,0.171998,0.928437,1.49E-19,0.000425944,5.93E-05,1.61E-19,1,1.72E-12,0.922318,0.900802,8.58E-19,0.00460783,2.62E-09,0.915661,2.84E-19,2.72E-15
S1019,0.45375608,4.48E-11,170.64808,8.5759193,0.35724916,0.00526072,1.41E-12,0.159124,0.941582,1.18E-17,0.00748522,0.000259131,1.35E-17,1,1.41E-12,0.80187,0.925671,7.62E-17,0.0624707,3.04E-09,0.932338,1.03E-17,5.21E-14
S102,0.10667601,1.25E-13,228.02112,26.898673,0.12609682,0.00146042,1.76E-13,0.054988,0.992595,1.38E-18,0.000476506,0,2.29E-18,1,1.76E-13,0.970971,0.991105,3.56E-18,0.0206978,8.44E-10,0.991116,6.51E-18,2.07E-16
S1020,0.94875608,1.42E-13,295.64808,28.325919,0.20724916,0.00524313,4.74E-13,0.0915976,0.979738,2.21E-19,0.000859723,0.000219321,6.90E-19,1,4.74E-13,0.901515,0.969608,2.73E-19,0.00849264,1.92E-09,0.976154,1.06E-18,3.15E-15
S1021,0.70125608,7.97E-10,233.14808,18.450919,0.13224916,0.00414319,1.94E-13,0.0594275,0.991864,2.95E-18,0.003057,0.00056,2.90E-18,1,1.94E-13,0.721711,0.988004,1.30E-17,0.0306481,1.13E-09,0.990376,1.19E-17,5.19E-15
S1022,0.20625608,2.52E-12,358.14808,38.200919,0.28224916,0.00306888,8.79E-13,0.123662,0.963312,5.66E-18,0.00588371,0.000245049,4.53E-18,1,8.79E-13,0.938599,0.954439,5.46E-17,0.0759082,1.81E-09,0.957069,1.10E-17,1.85E-14
S1023,0.20577269,1.84E-10,207.87952,27.303702,0.16901674,0.00263567,3.16E-13,0.0750235,0.986739,1.07E-17,0.00837579,0.000597057,7.58E-18,1,3.16E-13,0.945691,0.985223,8.77E-17,0.132878,1.43E-09,0.984696,3.95E-17,1.27E-14
S103,0.044801006,8.13E-11,368.64612,39.242423,0.29484682,0.00175677,9.60E-13,0.131893,0.959831,9.23E-17,0.0264546,0.00113859,5.77E-17,1,9.60E-13,0.939794,0.947143,9.25E-16,0.614491,1.80E-09,0.954877,1.37E-16,5.07E-14
S104,0.53980101,2.57E-13,243.64612,19.492423,0.14484682,0.00340782,2.31E-13,0.0636419,0.990214,3.34E-19,0.000393628,0.00220124,1.18E-18,1,2.31E-13,0.950993,0.985887,5.10E-19,0.00698474,1.33E-09,0.98835,1.56E-18,5.35E-16
S105,0.78730101,4.57E-12,306.14612,29.367423,0.21984682,0.00509442,5.34E-13,0.0974807,0.977425,1.03E-18,0.00256307,0.000155838,1.58E-18,1,5.34E-13,0.949706,0.966643,7.56E-18,0.0225334,2.15E-09,0.973487,3.45E-18,1.01E-14
S106,0.29230101,1.45E-14,181.14612,9.6174232,0.36984682,0.00396332,1.51E-12,0.160737,0.936997,2.92E-19,0.00120671,4.66E-05,3.04E-19,1,1.51E-12,0.922401,0.916431,1.54E-18,0.0148239,2.53E-09,0.925621,8.83E-19,6.52E-15
S107,0.41605101,1.93E-11,274.89612,4.6799232,0.33234682,0.00479048,1.22E-12,0.14732,0.949303,2.15E-18,0.00180987,0.000237316,2.52E-18,1,1.22E-12,0.95369,0.893732,1.52E-17,0.0153805,2.29E-09,0.941015,2.36E-18,1.06E-14
S108,0.91105101,6.10E-14,399.89612,24.429923,0.18234682,0.00481868,3.67E-13,0.0805261,0.984269,1.15E-19,0.000327066,0.000539159,4.75E-19,1,3.67E-13,0.890152,0.975663,5.44E-20,0.00376607,1.62E-09,0.981437,5.43E-19,8.82E-16
S109,0.66355101,3.43E-10,212.39612,14.554923,0.10734682,0.00354527,1.27E-13,0.0479338,0.994657,1.87E-18,0.00123911,0.00176527,2.11E-18,1,1.27E-13,0.705534,0.991872,5.38E-18,0.0158332,9.20E-10,0.993509,7.50E-18,1.20E-15
S110,0.16855101,1.08E-12,337.39612,34.304923,0.25734682,0.00263058,7.31E-13,0.112429,0.969435,3.26E-18,0.00396145,0.000259448,2.50E-18,1,7.31E-13,0.947828,0.959137,4.10E-17,0.0592428,1.71E-09,0.964155,8.80E-18,9.62E-15
S111,0.13761351,2.39E-10,235.83362,5.9142982,0.24797182,0.00275994,6.79E-13,0.11085,0.971527,7.95E-18,0.00429844,0.00063187,6.79E-18,1,6.79E-13,0.957489,0.954325,7.56E-17,0.0628449,1.58E-09,0.967833,1.54E-17,1.07E-14
S112,0.63261351,7.57E-13,360.83362,25.664298,0.39797182,0.00608188,1.75E-12,0.175259,0.927141,2.42E-18,0.0041043,9.45E-05,3.49E-18,1,1.75E-12,0.926333,0.887485,1.80E-17,0.0286864,2.80E-09,0.91453,2.61E-18,3.69E-14
S113,0.88011351,1.35E-11,173.33362,15.789298,0.32297182,0.00656028,1.15E-12,0.143956,0.951686,4.80E-18,0.0066667,0.000130756,6.83E-18,1,1.15E-12,0.911927,0.932466,3.07E-17,0.0456458,2.97E-09,0.94358,5.74E-18,5.22E-14
S114,0.38511351,4.25E-14,298.33362,35.539298,0.17297182,0.00314027,3.31E-13,0.0756709,0.986013,3.62E-19,0.000649979,0.00110676,1.19E-18,1,3.31E-13,0.963191,0.981404,3.09E-19,0.0116327,1.22E-09,0.983401,1.91E-18,1.08E-15
S115,0.26136351,3.19E-12,392.08362,30.601798,0.13547182,0.00239554,2.03E-13,0.0593833,0.991474,1.10E-18,0.000844108,0.00238396,1.81E-18,1,2.03E-13,0.973345,0.987672,3.69E-18,0.0170876,9.41E-10,0.989844,5.27E-18,7.61E-16
S116,0.75636351,1.01E-14,267.08362,10.851798,0.28547182,0.0054792,9.00E-13,0.12546,0.96169,4.56E-20,0.000389105,5.77E-05,1.25E-19,1,9.00E-13,0.940991,0.948973,2.51E-20,0.00362928,1.99E-09,0.954925,2.66E-19,2.17E-15
S117,0.50886351,5.67E-11,329.58362,20.726798,0.36047182,0.0055914,1.44E-12,0.160856,0.940525,1.38E-17,0.00979737,0.00026209,1.92E-17,1,1.44E-12,0.8152,0.925493,8.26E-17,0.074968,3.06E-09,0.931131,1.23E-17,7.32E-14
S118,0.013863506,1.79E-13,204.58362,0.97679816,0.21047182,0.000696295,4.90E-13,0.0917416,0.97952,4.68E-19,0.000149971,0,1.08E-19,1,4.90E-13,0.684628,0.974435,6.49E-18,0.00954801,1.79E-09,0.976001,1.67E-18,7.63E-17
S119,0.075738506,2.76E-11,313.95862,13.320548,0.10412416,0.00122561,1.20E-13,0.0458169,0.99496,2.93E-18,0.000643433,0,1.41E-18,1,1.20E-13,0.791993,0.993581,9.31E-18,0.0255344,8.73E-10,0.993915,1.22E-17,1.97E-16
S120,0.57073851,8.74E-14,188.95862,33.070548,0.22922182,0.00435111,5.81E-13,0.100614,0.975377,5.06E-19,0.00200472,0.000171046,1.19E-18,1,5.81E-13,0.951326,0.964578,1.20E-18,0.0231124,1.81E-09,0.970957,2.60E-18,6.93E-15
S121,0.81823851,4.91E-10,376.45862,3.4455482,0.15422182,0.00469564,2.62E-13,0.0692019,0.989,2.91E-19,0.000406879,0.00037082,3.59E-19,1,2.62E-13,0.768497,0.982838,1.48E-18,0.00353083,1.33E-09,0.987099,1.13E-18,9.68E-16
S122,0.32323851,1.55E-12,251.45862,23.195548,0.30422182,0.00391282,1.02E-12,0.133394,0.95734,3.35E-18,0.00459367,0.000165059,3.30E-18,1,1.02E-12,0.93698,0.942843,3.53E-17,0.0473167,2.05E-09,0.949983,5.87E-18,2.00E-14
S123,0.44698851,1.17E-10,157.70862,28.133048,0.26672182,0.00461862,7.87E-13,0.119004,0.967177,2.19E-17,0.0196994,0.000285118,2.52E-17,1,7.87E-13,0.884931,0.96551,1.80E-16,0.183041,2.26E-09,0.962093,3.53E-17,8.85E-14
S124,0.94198851,3.68E-13,282.70862,8.3830482,0.11672182,0.00397905,1.50E-13,0.0517725,0.993575,9.83E-20,5.84E-05,0,4.37E-19,1,1.50E-13,0.747815,0.987794,7.12E-20,0.00134541,1.09E-09,0.992249,3.88E-19,4.83E-17
S125,0.69448851,6.55E-12,220.20862,38.008048,0.19172182,0.00450439,4.05E-13,0.084765,0.982896,1.84E-18,0.00393793,0.000271436,3.13E-18,1,4.05E-13,0.947732,0.97625,1.28E-17,0.0393268,1.77E-09,0.979889,7.34E-18,1.15E-14
S126,0.19948851,2.07E-14,345.20862,18.258048,0.34172182,0.00317488,1.29E-12,0.148303,0.94618,4.02E-19,0.00124995,6.85E-05,3.40E-19,1,1.29E-12,0.930844,0.927315,2.46E-18,0.0187009,2.27E-09,0.936518,1.28E-18,4.97E-15
S127,0.20335569,4.70E-10,152.82581,35.076408,0.19758119,0.00298804,4.31E-13,0.0882979,0.981895,3.91E-17,0.0268826,0.000544934,3.07E-17,1,4.31E-13,0.916808,0.979196,3.59E-16,0.385075,1.66E-09,0.979447,1.07E-16,5.64E-14
S128,0.69835569,1.49E-12,277.82581,15.326408,0.34758119,0.00598582,1.33E-12,0.153518,0.944075,1.50E-18,0.00283369,9.50E-05,2.07E-18,1,1.33E-12,0.855376,0.949441,1.21E-17,0.0206104,2.78E-09,0.934467,2.03E-18,2.18E-14
S129,0.94585569,2.64E-11,215.32581,25.201408,0.27258119,0.006282,8.21E-13,0.121771,0.965441,4.30E-18,0.00718244,0.000138291,6.21E-18,1,8.21E-13,0.935675,0.948654,2.83E-17,0.0510701,2.66E-09,0.959654,7.29E-18,4.49E-14
S130,0.45085569,8.35E-14,340.32581,5.4514075,0.32678041,0.00463184,1.18E-12,0.142926,0.95053,1.08E-19,0.000396984,5.92E-05,1.31E-19,1,1.18E-12,0.934758,0.933512,5.67E-19,0.00402188,2.00E-09,0.941736,3.07E-19,2.20E-15
S131,0.32710569,6.26E-12,309.07581,0.51390754,0.16008119,0.00291204,2.83E-13,0.0703126,0.988152,2.66E-20,3.13E-05,0,3.72E-20,1,2.83E-13,0.968223,0.983033,1.39E-19,0.000466867,1.11E-09,0.985994,1.21E-19,4.65E-17
S132,0.82210569,1.98E-14,184.07581,20.263908,0.31008119,0.00594693,1.06E-12,0.136533,0.954847,1.69E-19,0.00144375,3.44E-05,3.35E-19,1,1.06E-12,0.910921,0.947844,2.00E-19,0.0123174,2.76E-09,0.946916,8.24E-19,9.73E-15
S133,0.57460569,1.11E-10,371.57581,10.388908,0.38508119,0.0062129,1.64E-12,0.172679,0.932289,7.86E-18,0.0057526,0.000273885,1.40E-17,1,1.64E-12,0.821444,0.925905,4.79E-17,0.0395722,3.24E-09,0.921879,6.81E-18,5.10E-14
S134,0.079605694,3.52E-13,246.57581,30.138908,0.23508119,0.00172887,6.10E-13,0.102291,0.974456,3.87E-18,0.00361384,0.000423952,2.19E-18,1,6.10E-13,0.946201,0.969766,5.80E-17,0.0802156,1.45E-09,0.969995,1.34E-17,5.18E-15
S135,0.017730694,5.42E-11,387.20081,22.732658,0.12111635,0.00070576,1.62E-13,0.0535642,0.993174,1.68E-17,0.00265162,0.00431713,2.97E-18,1,1.62E-13,0.705218,0.991414,1.11E-16,0.157379,1.01E-09,0.992045,6.81E-17,6.89E-16
S136,0.51273069,1.72E-13,262.20081,2.9826575,0.17883119,0.00366625,3.53E-13,0.0783218,0.985041,4.13E-20,9.13E-05,0,1.20E-19,1,3.53E-13,0.964449,0.977829,8.23E-20,0.00129605,1.36E-09,0.98228,2.13E-19,1.88E-16
S137,0.76023069,9.65E-10,324.70081,32.607658,0.10383119,0.00379881,1.19E-13,0.0466258,0.995009,3.25E-18,0.00219652,0.00150402,3.31E-18,1,1.19E-13,0.648665,0.992428,7.96E-18,0.0254109,8.89E-10,0.993903,1.29E-17,2.20E-15
S138,0.26523069,3.05E-12,199.70081,12.857658,0.25383119,0.00328625,7.12E-13,0.11135,0.970261,2.13E-18,0.00282743,0.000230386,1.95E-18,1,7.12E-13,0.942159,0.964133,2.41E-17,0.0345535,1.63E-09,0.96515,5.40E-18,8.46E-15
S139,0.38898069,2.29E-10,230.95081,17.795158,0.29133119,0.00465774,9.37E-13,0.13047,0.960971,1.57E-17,0.012827,0.000344416,2.20E-17,1,9.37E-13,0.874143,0.958931,1.27E-16,0.118339,2.46E-09,0.955306,2.31E-17,6.38E-14
S140,0.88398069,7.23E-13,355.95081,37.545158,0.14133119,0.00425306,2.20E-13,0.0625605,0.990626,4.13E-19,0.00056487,0.00166499,1.55E-18,1,2.20E-13,0.818078,0.985064,6.76E-19,0.00773969,1.24E-09,0.988847,1.82E-18,9.30E-16
S141,0.63648069,1.29E-11,168.45081,7.9201575,0.21633119,0.00464347,5.17E-13,0.09579,0.97829,9.15E-19,0.00169843,0.000197527,1.19E-18,1,5.17E-13,0.945962,0.96952,7.28E-18,0.0162757,2.02E-09,0.97453,2.81E-18,6.00E-15
S142,0.14148069,4.07E-14,293.45081,27.670158,0.36633119,0.00279271,1.48E-12,0.159067,0.938331,2.15E-18,0.00330881,0.000120844,1.51E-18,1,1.48E-12,0.927287,0.916179,2.46E-17,0.051565,2.40E-09,0.927368,4.04E-18,1.25E-14
S143,0.17241819,8.98E-12,270.01331,11.623283,0.13195619,0.00196924,1.92E-13,0.0578556,0.991941,1.17E-18,0.000673491,0.00243785,1.22E-18,1,1.92E-13,0.968867,0.990431,5.35E-18,0.0146666,8.62E-10,0.990421,5.38E-18,5.00E-16
S144,0.66741819,2.84E-14,395.01331,31.373283,0.28195619,0.00516129,8.79E-13,0.123873,0.962725,1.46E-19,0.000999932,6.48E-05,3.39E-19,1,8.79E-13,0.944103,0.946452,2.13E-19,0.00975129,2.04E-09,0.956103,7.60E-19,5.23E-15
S145,0.91491819,1.60E-10,207.51331,1.7482825,0.35695619,0.00734609,1.41E-12,0.160958,0.94153,1.57E-18,0.00142272,0.00020589,2.85E-18,1,1.41E-12,0.912325,0.918675,9.59E-18,0.0085307,3.30E-09,0.932335,1.43E-18,1.38E-14
S146,0.41991819,5.05E-13,332.51331,21.498283,0.20695619,0.00362233,4.73E-13,0.0907324,0.980069,4.15E-19,0.00102369,0.000280685,7.38E-19,1,4.73E-13,0.960457,0.969596,3.03E-18,0.0124546,1.50E-09,0.976467,1.98E-18,2.63E-15
S147,0.29616819,6.73E-10,363.76331,26.435783,0.24445619,0.00399839,6.59E-13,0.109913,0.972391,1.56E-17,0.0128737,0.000461808,2.12E-17,1,6.59E-13,0.929607,0.968236,1.25E-16,0.136179,2.09E-09,0.968758,3.21E-17,4.59E-14
S148,0.79116819,2.13E-12,238.76331,6.6857825,0.39445619,0.00677053,1.72E-12,0.174756,0.928249,1.31E-18,0.00193679,0.00010414,2.01E-18,1,1.72E-12,0.852807,0.922954,9.35E-18,0.0124495,3.07E-09,0.916031,1.25E-18,1.93E-14
S149,0.54366819,3.79E-11,301.26331,36.310783,0.31945619,0.00536794,1.13E-12,0.142211,0.953055,1.37E-17,0.0131265,0.000223752,1.86E-17,1,1.13E-12,0.835462,0.946533,9.37E-17,0.103613,2.72E-09,0.945434,1.60E-17,8.29E-14
S150,0.048668194,1.20E-13,176.26331,16.560783,0.16945619,0.00114675,3.18E-13,0.0737161,0.986687,2.01E-18,0.00116618,0.00216766,1.57E-18,1,3.18E-13,0.684694,0.983174,1.89E-17,0.0466091,1.45E-09,0.984237,1.02E-17,7.26E-16
S151,0.11054319,7.77E-11,285.63831,9.1545325,0.26320619,0.00243763,7.66E-13,0.117073,0.967946,9.42E-18,0.00471533,0.00066002,7.29E-18,1,7.66E-13,0.942244,0.960633,9.24E-17,0.0763845,1.62E-09,0.963489,1.70E-17,1.10E-14
S152,0.60554319,2.46E-13,160.63831,28.904533,0.11320619,0.00320294,1.42E-13,0.0499664,0.993994,7.39E-19,0.000293902,0,2.91E-18,1,1.42E-13,0.851674,0.990074,5.94E-19,0.00975027,1.02E-09,0.992704,3.00E-18,1.72E-16
S153,0.85304319,4.37E-12,348.13831,19.029533,0.18820619,0.00487392,3.90E-13,0.0833396,0.98347,4.16E-19,0.00100977,0.000268549,8.37E-19,1,3.90E-13,0.903583,0.972382,2.52E-18,0.00936402,1.73E-09,0.980554,1.71E-18,3.12E-15
S154,0.35804319,1.38E-14,223.13831,38.779533,0.33820619,0.00418421,1.26E-12,0.147237,0.947105,5.77E-19,0.00311031,4.35E-05,7.01E-19,1,1.26E-12,0.928347,0.930916,2.06E-18,0.0366764,2.32E-09,0.937605,2.31E-18,1.61E-14
S155,0.48179319,1.84E-11,191.88831,33.842033,0.37570619,0.00544043,1.56E-12,0.166803,0.935356,2.99E-17,0.0224729,0.000222086,3.78E-17,1,1.56E-12,0.809432,0.922884,2.06E-16,0.18021,3.18E-09,0.924791,2.62E-17,1.70E-13
S156,0.97679319,5.83E-14,316.88831,14.092033,0.22570619,0.00553009,5.63E-13,0.0998294,0.975876,7.70E-20,0.000378604,0.000158109,2.55E-19,1,5.63E-13,0.923953,0.959666,6.10E-20,0.00354968,2.20E-09,0.971653,3.77E-19,1.61E-15
S157,0.72929319,3.28E-10,254.38831,23.967033,0.15070619,0.00436831,2.50E-13,0.0673631,0.989505,2.86E-18,0.00368735,0.000428974,3.38E-18,1,2.50E-13,0.791057,0.984244,1.56E-17,0.0347202,1.29E-09,0.987663,1.12E-17,7.87E-15
S158,0.23429319,1.04E-12,379.38831,4.2170325,0.30070619,0.0033229,9.99E-13,0.13149,0.958331,4.24E-19,0.000531867,0.00019176,3.72E-19,1,9.99E-13,0.940293,0.942444,4.56E-18,0.00626743,1.98E-09,0.951138,7.97E-19,1.94E-15
S159,0.24976194,2.21E-11,328.60706,17.17797,0.23976869,0.00322345,6.35E-13,0.105855,0.97346,3.40E-18,0.00353504,0.000336157,3.29E-18,1,6.35E-13,0.936501,0.972296,3.36E-17,0.0416909,1.54E-09,0.969144,8.36E-18,9.77E-15
S160,0.74476194,6.98E-14,203.60706,36.92797,0.38976869,0.00638973,1.68E-12,0.171402,0.929519,1.18E-18,0.00525852,3.59E-05,1.75E-18,1,1.68E-12,0.915593,0.908217,5.26E-18,0.0400484,2.78E-09,0.917168,2.38E-18,4.87E-14
S161,0.99226194,3.92E-10,391.10706,7.30297,0.31476869,0.00729472,1.09E-12,0.142623,0.954433,2.45E-18,0.00309045,0.000222315,5.81E-18,1,1.09E-12,0.91334,0.937124,1.63E-17,0.0181165,2.94E-09,0.947428,3.20E-18,2.61E-14
S162,0.49726194,1.24E-12,266.10706,27.05297,0.16476869,0.00352677,2.99E-13,0.0723914,0.987396,7.06E-19,0.00115667,0.000753874,1.59E-18,1,2.99E-13,0.965269,0.982207,3.62E-18,0.0151309,1.29E-09,0.985067,3.35E-18,2.11E-15
S163,0.37351194,9.30E-11,172.35706,22.11547,0.30920229,0.00457235,1.06E-12,0.137794,0.956066,2.78E-17,0.0187722,0.000313656,3.06E-17,1,1.06E-12,0.843709,0.947321,2.05E-16,0.178652,2.62E-09,0.949366,3.24E-17,9.77E-14
S164,0.86851194,2.94E-13,297.35706,2.36547,0.27726869,0.00584087,8.50E-13,0.122539,0.963914,3.69E-20,0.000163097,6.03E-05,5.79E-20,1,8.50E-13,0.937811,0.945546,1.61E-19,0.0013538,2.75E-09,0.95765,1.22E-19,9.60E-16
S165,0.62101194,5.23E-12,234.85706,31.99047,0.35226869,0.00579008,1.37E-12,0.155889,0.942798,8.08E-18,0.0102551,0.000140681,1.09E-17,1,1.37E-12,0.896155,0.943902,5.75E-17,0.0751089,2.40E-09,0.933104,8.93E-18,7.75E-14
S166,0.12601194,1.65E-14,359.85706,12.24047,0.20226869,0.00195604,4.52E-13,0.0876985,0.980976,1.67E-19,0.000289767,0.000707176,2.68E-19,1,4.52E-13,0.957711,0.975576,3.70E-19,0.00750033,1.22E-09,0.977456,1.02E-18,3.79E-16
S167,0.064136944,8.06E-10,219.23206,4.83422,0.10822572,0.00140013,1.29E-13,0.0478905,0.994583,5.05E-18,0.00120239,0.00296175,1.63E-18,1,1.29E-13,0.534435,0.99313,2.79E-17,0.0364132,9.05E-10,0.993558,1.88E-17,5.50E-16
S168,0.55913694,2.55E-12,344.23206,24.58422,0.22101869,0.00433306,5.39E-13,0.0973241,0.977335,8.02E-19,0.00182621,0.000184638,1.13E-18,1,5.39E-13,0.921784,0.973395,6.71E-18,0.0180066,1.78E-09,0.97335,2.85E-18,6.13E-15
S169,0.80663694,4.53E-11,156.73206,14.70922,0.14601869,0.00432294,2.36E-13,0.0650155,0.99007,1.40E-18,0.00188347,0.000651739,2.41E-18,1,2.36E-13,0.81417,0.983393,6.43E-18,0.0199737,1.30E-09,0.988229,5.73E-18,3.69E-15
S170,0.31163694,1.43E-13,281.73206,34.45922,0.29601869,0.00371015,9.68E-13,0.129152,0.959398,1.19E-18,0.00316438,9.77E-05,1.23E-18,1,9.68E-13,0.938572,0.944397,1.14E-17,0.0378314,2.09E-09,0.95219,3.60E-18,1.26E-14
S171,0.43538694,1.07E-11,375.48206,39.39672,0.25851869,0.00426486,7.39E-13,0.114156,0.969114,3.91E-18,0.00579092,0.000195921,4.51E-18,1,7.39E-13,0.945208,0.957625,3.17E-17,0.0537024,1.65E-09,0.963887,8.73E-18,2.30E-14
S172,0.93038694,3.40E-14,250.48206,19.64672,0.10851869,0.00377528,1.30E-13,0.0480789,0.994445,1.47E-19,2.26E-06,0,9.44E-19,1,1.30E-13,0.735458,0.989131,3.25E-20,0.00186055,1.03E-09,0.99323,5.51E-19,5.38E-19
S173,0.68288694,1.91E-10,312.98206,29.52172,0.18351869,0.00463864,3.72E-13,0.0819773,0.984432,3.24E-18,0.00492697,0.000297283,4.28E-18,1,3.72E-13,0.881378,0.977437,2.21E-17,0.0437026,1.58E-09,0.981814,1.12E-17,1.44E-14
S174,0.18788694,6.04E-13,187.98206,9.77172,0.33351869,0.0031295,1.23E-12,0.145661,0.948844,2.85E-18,0.0028088,0.00020026,2.16E-18,1,1.23E-12,0.932504,0.930843,3.59E-17,0.0360456,2.19E-09,0.939996,4.18E-18,1.08E-14
S175,0.15694944,1.33E-10,352.04456,30.756095,0.17414369,0.00234423,3.35E-13,0.0771861,0.985958,8.13E-18,0.00586118,0.000674747,5.53E-18,1,3.35E-13,0.947353,0.984448,6.70E-17,0.101365,1.42E-09,0.983841,2.94E-17,8.20E-15
S176,0.65194944,4.22E-13,227.04456,11.006095,0.32414369,0.00553936,1.16E-12,0.142647,0.951229,5.58E-19,0.00160917,6.96E-05,7.40E-19,1,1.16E-12,0.88632,0.956135,5.06E-18,0.0128627,2.33E-09,0.942712,1.14E-18,1.06E-14
S177,0.89944944,7.50E-12,289.54456,20.881095,0.39914369,0.00731474,1.76E-12,0.177866,0.926544,5.69E-18,0.00676798,0.000129765,9.57E-18,1,1.76E-12,0.865624,0.917821,3.01E-17,0.0412185,3.40E-09,0.91423,4.79E-18,7.37E-14
S178,0.40444944,2.37E-14,164.54456,1.131095,0.24914369,0.00382932,6.86E-13,0.108848,0.971048,1.69E-20,7.38E-05,0.000147613,3.64E-20,1,6.86E-13,0.949973,0.959295,3.17E-20,0.00097146,1.75E-09,0.965781,9.45E-20,2.47E-16
S179,0.28069944,3.16E-11,258.29456,6.068595,0.21164369,0.00321922,4.94E-13,0.093462,0.97935,1.23E-18,0.0013146,0.00036174,1.14E-18,1,4.94E-13,0.967414,0.961767,1.14E-17,0.0157109,1.41E-09,0.975988,3.56E-18,3.14E-15
S180,0.77569944,1.00E-13,383.29456,25.818595,0.36164369,0.00628985,1.44E-12,0.159197,0.939217,4.06E-19,0.00183005,3.91E-05,6.04E-19,1,1.44E-12,0.921354,0.921761,1.63E-18,0.0140356,2.51E-09,0.928606,9.05E-19,1.54E-14
S181,0.52819944,5.62E-10,195.79456,15.943595,0.28664369,0.00544657,9.08E-13,0.129235,0.962179,1.77E-17,0.015385,0.000316806,2.79E-17,1,9.08E-13,0.920211,0.953968,1.32E-16,0.123436,2.50E-09,0.956785,2.61E-17,8.81E-14
S182,0.033199444,1.78E-12,320.79456,35.693595,0.13664369,0.000889574,2.06E-13,0.0597377,0.991363,6.92E-18,0.00194376,0.00446367,3.11E-18,1,2.06E-13,0.583728,0.989121,4.29E-17,0.0989303,1.14E-09,0.989785,3.22E-17,6.96E-16
S183,0.095074444,3.65E-12,211.41956,28.287345,0.12785463,0.00144576,1.81E-13,0.0560024,0.992416,4.54E-18,0.00177011,0.00412091,3.75E-18,1,1.81E-13,0.976514,0.98854,2.13E-17,0.0544784,8.11E-10,0.990993,2.03E-17,9.10E-16
S184,0.59007444,1.15E-14,336.41956,8.537345,0.15539369,0.00363097,2.66E-13,0.068216,0.988673,4.29E-20,5.62E-05,0,2.57E-19,1,2.66E-13,0.952253,0.983284,8.59E-21,0.00113279,1.48E-09,0.986501,2.04E-19,7.75E-17
S185,0.83757444,6.49E-11,273.91956,38.162345,0.23039369,0.00555736,5.86E-13,0.102984,0.975385,4.40E-18,0.00809362,0.000187569,6.94E-18,1,5.86E-13,0.925706,0.966451,3.38E-17,0.062103,2.08E-09,0.971272,1.13E-17,3.70E-14
S186,0.34257444,2.05E-13,398.91956,18.412345,0.38039369,0.00441026,1.60E-12,0.166184,0.933487,1.20E-18,0.00207842,0.000100766,1.30E-18,1,1.60E-12,0.923621,0.909656,1.14E-17,0.0195001,2.49E-09,0.921806,1.67E-18,1.29E-14
S187,0.46632444,2.74E-10,305.16956,13.474845,0.34289369,0.0055145,1.30E-12,0.154231,0.946072,1.50E-17,0.00997508,0.000333268,2.33E-17,1,1.30E-12,0.850505,0.943417,9.53E-17,0.0781945,2.89E-09,0.938259,1.52E-17,6.99E-14
S188,0.96132444,8.66E-13,180.16956,33.224845,0.19289369,0.00514684,4.11E-13,0.0854743,0.982484,7.68E-19,0.00226487,0.000261702,1.98E-18,1,4.11E-13,0.880475,0.974679,2.89E-18,0.0214583,1.71E-09,0.979364,3.36E-18,7.56E-15
S189,0.71382444,1.54E-11,367.66956,3.599845,0.11789369,0.00362346,1.53E-13,0.0521938,0.993529,1.03E-19,8.20E-05,0,2.42E-19,1,1.53E-13,0.79172,0.989694,2.20E-19,0.00127391,1.03E-09,0.992217,4.39E-19,8.69E-17
S190,0.21882444,4.87E-14,242.66956,23.349845,0.26789369,0.00295801,7.93E-13,0.116497,0.966736,6.00E-19,0.00170106,0.000138984,6.71E-19,1,7.93E-13,0.944888,0.955463,4.09E-18,0.0269651,1.80E-09,0.960767,2.64E-18,4.83E-15
S191,0.22655882,4.78E-12,353.99768,8.8459388,0.38742494,0.00380642,1.66E-12,0.17061,0.931444,5.14E-18,0.00292608,0.000301208,4.81E-18,1,1.66E-12,0.922493,0.907221,3.67E-17,0.0303472,2.38E-09,0.920187,4.47E-18,1.60E-14
S192,0.72155882,1.51E-14,228.99768,28.595939,0.23742494,0.00490347,6.23E-13,0.104366,0.973493,1.75E-19,0.000916303,0.000147604,5.42E-19,1,6.23E-13,0.947329,0.962822,8.62E-20,0.00968207,2.00E-09,0.968754,9.43E-19,3.67E-15
S193,0.96905882,8.50E-11,291.49768,18.720939,0.16242494,0.0049886,2.92E-13,0.0726959,0.987696,1.07E-18,0.00184593,0.00035399,1.74E-18,1,2.92E-13,0.796454,0.978527,5.37E-18,0.0161795,1.46E-09,0.985515,4.17E-18,4.92E-15
S194,0.47405882,2.69E-13,166.49768,38.470939,0.31242494,0.00467046,1.08E-12,0.136871,0.954701,2.51E-18,0.00696011,7.80E-05,2.90E-18,1,1.08E-12,0.934284,0.937684,2.65E-17,0.0660821,2.25E-09,0.946711,6.12E-18,3.72E-14
S195,0.35030882,3.59E-10,260.24768,33.533439,0.27492494,0.00440501,8.33E-13,0.12329,0.965211,2.73E-17,0.0225639,0.000385922,3.86E-17,1,8.34E-13,0.890944,0.964014,2.22E-16,0.220105,2.31E-09,0.960362,4.58E-17,9.99E-14
S196,0.84530882,1.13E-12,385.24768,13.783439,0.12492494,0.00393114,1.72E-13,0.055258,0.992694,1.65E-19,0.00014782,0,5.96E-19,1,1.72E-13,0.788187,0.987169,2.87E-19,0.00241916,1.14E-09,0.991236,7.00E-19,1.70E-16
S197,0.59780882,2.02E-11,197.74768,23.658439,0.19992494,0.00437055,4.42E-13,0.0885858,0.981463,2.53E-18,0.00421571,0.000251133,3.21E-18,1,4.42E-13,0.953519,0.973716,1.85E-17,0.0426455,1.89E-09,0.978244,8.31E-18,1.28E-14
S198,0.10280882,6.38E-14,322.74768,3.9084388,0.34992494,0.00234295,1.35E-12,0.151893,0.943718,4.21E-19,0.000473426,0.000176524,2.52E-19,1,1.35E-12,0.928694,0.925586,6.08E-18,0.00814296,2.20E-09,0.933767,7.62E-19,1.43E-15
S199,0.040933819,1.75E-10,182.12268,11.314689,0.21867494,0.00152285,5.28E-13,0.0976746,0.977768,3.81E-17,0.0111669,0.00123261,1.67E-17,1,5.29E-13,0.922981,0.976793,4.17E-16,0.322769,1.82E-09,0.975068,8.55E-17,1.36E-14
S200,0.53593382,5.52E-13,307.12268,31.064689,0.36867494,0.00540287,1.50E-12,0.161976,0.937262,2.56E-18,0.00487477,9.01E-05,3.24E-18,1,1.50E-12,0.934306,0.901435,2.29E-17,0.0377693,2.39E-09,0.926347,3.46E-18,3.60E-14
S201,0.78343382,9.82E-12,244.62268,1.4396888,0.29367494,0.00591421,9.53E-13,0.130463,0.960013,2.07E-19,0.000341936,0.000130591,2.84E-19,1,9.53E-13,0.918393,0.94824,1.38E-18,0.00256374,2.63E-09,0.953242,3.25E-19,2.18E-15
S202,0.28843382,3.11E-14,369.62268,21.189689,0.14367494,0.00249636,2.28E-13,0.062768,0.990417,2.10E-19,0.000171978,0,7.17E-19,1,2.28E-13,0.96603,0.988642,1.20E-19,0.00483967,1.00E-09,0.988531,1.04E-18,1.61E-16
S203,0.41218382,4.14E-11,275.87268,26.127189,0.37717104,0.005169,1.57E-12,0.167891,0.935005,2.64E-17,0.0157405,0.000287215,3.27E-17,1,1.57E-12,0.788083,0.928031,1.63E-16,0.131636,3.19E-09,0.924795,2.17E-17,1.14E-13
S204,0.90718382,1.31E-13,150.87268,6.3771888,0.25617494,0.00569863,7.25E-13,0.113047,0.96907,1.06E-19,0.00059264,7.36E-05,2.27E-19,1,7.25E-13,0.949304,0.951155,2.78E-19,0.00521471,2.62E-09,0.96368,4.91E-19,3.09E-15
S205,0.65968382,7.36E-10,338.37268,36.002189,0.33117494,0.0065052,1.21E-12,0.150226,0.949708,3.10E-17,0.0267113,0.000300117,6.38E-17,1,1.21E-12,0.913379,0.936194,1.96E-16,0.178935,2.95E-09,0.942585,3.60E-17,2.13E-13
S206,0.16468382,2.33E-12,213.37268,16.252189,0.18117494,0.00220948,3.62E-13,0.0792661,0.984847,1.79E-18,0.00176155,0.000699793,1.64E-18,1,3.62E-13,0.963504,0.97941,1.55E-17,0.0331221,1.21E-09,0.982171,7.51E-18,2.35E-15
S207,0.19562132,5.14E-10,314.93518,24.892814,0.32179994,0.00386446,1.14E-12,0.145171,0.952237,5.43E-17,0.0256348,0.000562278,6.67E-17,1,1.14E-12,0.949261,0.915243,4.06E-16,0.27454,2.08E-09,0.946416,6.57E-17,1.19E-13
S208,0.69062132,1.63E-12,189.93518,5.1428138,0.17179994,0.00419816,3.25E-13,0.0757229,0.986225,1.65E-19,0.000330624,0.000567005,4.29E-19,1,3.25E-13,0.932611,0.979389,8.56E-19,0.003764,1.58E-09,0.983724,7.60E-19,7.57E-16
S209,0.93812132,2.89E-11,377.43518,34.767814,0.24679994,0.00596262,6.73E-13,0.110233,0.971655,2.45E-18,0.00477145,0.000147242,3.73E-18,1,6.73E-13,0.930738,0.956985,1.49E-17,0.0353394,2.35E-09,0.966876,5.38E-18,2.54E-14
S210,0.44312132,9.14E-14,252.43518,15.017814,0.39679994,0.00506889,1.74E-12,0.173593,0.927574,8.58E-19,0.00221095,6.51E-05,1.07E-18,1,1.74E-12,0.916685,0.904495,6.48E-18,0.0198988,2.61E-09,0.914733,1.35E-18,1.65E-14
S211,0.31937132,6.85E-12,158.68518,19.955314,0.35929994,0.00432359,1.43E-12,0.158483,0.940809,1.75E-17,0.0127549,0.000236213,1.73E-17,1,1.43E-12,0.899836,0.940591,1.45E-16,0.122266,2.31E-09,0.931013,1.72E-17,7.32E-14
S212,0.81437132,2.17E-14,283.68518,39.705314,0.20929994,0.00487945,4.84E-13,0.0921386,0.979317,2.06E-19,0.00082107,0.000293955,8.02E-19,1,4.84E-13,0.947043,0.971461,8.40E-20,0.00897793,1.95E-09,0.975607,1.05E-18,2.73E-15
S213,0.56687132,1.22E-10,221.18518,10.080314,0.13429994,0.00361083,1.99E-13,0.0596665,0.991669,1.14E-18,0.00111853,0.00084512,1.39E-18,1,1.99E-13,0.823642,0.987803,5.23E-18,0.0132278,1.14E-09,0.990115,4.70E-18,1.64E-15
S214,0.071871319,3.85E-13,346.18518,29.830314,0.28429994,0.00181072,8.93E-13,0.123875,0.962791,5.59E-18,0.00391665,0.000362532,2.65E-18,1,8.93E-13,0.941728,0.950938,7.37E-17,0.0818715,1.74E-09,0.956391,1.15E-17,7.32E-15
S215,0.13374632,1.41E-11,236.81018,37.236564,0.15304994,0.00190221,2.58E-13,0.0671939,0.989177,6.73E-18,0.00437042,0.0011762,4.76E-18,1,2.58E-13,0.970891,0.984228,5.10E-17,0.0906578,1.02E-09,0.987278,2.91E-17,4.05E-15
S216,0.62874632,4.45E-14,361.81018,17.486564,0.30304994,0.00520972,1.02E-12,0.133075,0.957095,1.33E-19,0.000803169,4.65E-05,2.15E-19,1,1.02E-12,0.935405,0.94396,3.46E-19,0.00762851,2.09E-09,0.949482,5.63E-19,4.62E-15
S217,0.87624632,2.50E-10,174.31018,27.361564,0.37804994,0.00752209,1.58E-12,0.171031,0.934606,4.99E-17,0.0338057,0.000218577,7.82E-17,1,1.58E-12,0.901937,0.914037,2.67E-16,0.200381,3.40E-09,0.924578,3.80E-17,3.58E-13
S218,0.38124632,7.91E-13,299.31018,7.6115638,0.22804994,0.00363551,5.74E-13,0.0998367,0.975899,2.59E-19,0.000569998,0.000197885,3.28E-19,1,5.74E-13,0.953003,0.965975,2.53E-18,0.00654753,1.65E-09,0.971628,9.81E-19,1.66E-15
S219,0.50499632,5.93E-11,393.06018,2.6740638,0.19054994,0.0040373,4.01E-13,0.0846161,0.9832,2.13E-19,0.00030578,0.000318891,2.58E-19,1,4.01E-13,0.95338,0.977779,1.49E-18,0.00316836,1.75E-09,0.980358,7.25E-19,8.10E-16
S220,0.99999632,1.88E-13,268.06018,22.424064,0.34054994,0.00687287,1.28E-12,0.150658,0.94565,4.69E-19,0.00220025,3.80E-05,7.26E-19,1,1.28E-12,0.931973,0.921376,1.87E-18,0.0155438,2.65E-09,0.936336,1.08E-18,1.91E-14
S221,0.75249632,3.34E-12,330.56018,12.549064,0.26554994,0.0054573,7.79E-13,0.117523,0.967164,5.73E-19,0.00138707,0.000107279,7.81E-19,1,7.79E-13,0.928499,0.954009,4.62E-18,0.0112028,2.46E-09,0.961492,1.39E-18,7.28E-15
S222,0.25749632,1.06E-14,205.56018,32.299064,0.11554994,0.00211015,1.47E-13,0.0504258,0.993795,5.16E-19,6.17E-05,0,2.02E-18,1,1.47E-13,0.977342,0.990783,1.16E-19,0.00803721,8.47E-10,0.992458,2.25E-18,2.11E-17
S223,0.24202757,1.02E-10,248.52893,29.213126,0.34523744,0.00401358,1.32E-12,0.154097,0.945301,5.28E-17,0.0249324,0.000429961,5.50E-17,1,1.32E-12,0.861725,0.9392,3.61E-16,0.272823,2.92E-09,0.93745,5.14E-17,1.28E-13
S224,0.73702757,3.22E-13,373.52893,9.4631263,0.19523744,0.00455321,4.21E-13,0.0859486,0.98211,8.62E-20,0.000264592,0.000330087,2.56E-19,1,4.21E-13,0.945053,0.975375,2.20E-19,0.00295264,1.88E-09,0.978897,4.27E-19,7.77E-16
S225,0.98452757,5.72E-12,186.02893,39.088126,0.12023744,0.00418798,1.60E-13,0.0534722,0.993208,1.40E-18,0.00123529,0.00285088,4.28E-18,1,1.60E-13,0.735307,0.988244,3.54E-18,0.0170098,1.08E-09,0.99184,5.63E-18,1.50E-15
S226,0.48952757,1.81E-14,311.02893,19.338126,0.27023744,0.00436003,8.07E-13,0.118293,0.965946,1.22E-19,0.000699106,8.74E-05,2.57E-19,1,8.07E-13,0.949085,0.949771,1.57E-19,0.00808324,1.87E-09,0.959787,6.78E-19,2.94E-15
S227,0.36577757,2.41E-11,342.27893,14.400626,0.30773744,0.00436212,1.05E-12,0.136285,0.956498,5.00E-18,0.00424423,0.00026726,5.59E-18,1,1.05E-12,0.955008,0.914731,3.67E-17,0.0382878,2.06E-09,0.949495,6.33E-18,2.09E-14
S228,0.86077757,7.63E-14,217.27893,34.150626,0.15773744,0.00438903,2.75E-13,0.0697915,0.988292,3.48E-19,0.000608589,0.00136279,1.65E-18,1,2.75E-13,0.856724,0.981811,1.66E-19,0.00856764,1.40E-09,0.986113,1.55E-18,1.21E-15
S229,0.61327757,4.29E-10,279.77893,4.5256263,0.23273744,0.00514075,5.99E-13,0.104587,0.974976,1.38E-18,0.00178333,0.000286363,2.20E-18,1,5.99E-13,0.926721,0.96857,1.09E-17,0.0145722,2.03E-09,0.971158,3.24E-18,7.68E-15
S230,0.11827757,1.36E-12,154.77893,24.275626,0.38273744,0.00272102,1.62E-12,0.167668,0.933026,3.38E-17,0.0154232,0.00035358,2.10E-17,1,1.62E-12,0.921549,0.911775,3.21E-16,0.237334,2.39E-09,0.921854,3.13E-17,5.94E-14
S231,0.056402569,1.18E-11,295.40393,31.681876,0.17648744,0.00135842,3.44E-13,0.0775319,0.985593,1.00E-17,0.00497643,0.00107996,4.35E-18,1,3.44E-13,0.934952,0.98468,1.01E-16,0.152876,1.48E-09,0.983252,3.98E-17,4.03E-15
S232,0.55140257,3.72E-14,170.40393,11.931876,0.32648744,0.0050703,1.18E-12,0.142931,0.950404,2.38E-19,0.00133465,4.19E-05,3.39E-19,1,1.18E-12,0.913479,0.946749,9.15E-19,0.0129375,2.29E-09,0.941567,8.89E-19,8.10E-15
S233,0.79890257,2.09E-10,357.90393,21.806876,0.25148744,0.00583966,6.98E-13,0.11296,0.970821,4.25E-18,0.00584632,0.000225258,7.01E-18,1,6.98E-13,0.926909,0.961619,2.98E-17,0.0418873,2.27E-09,0.966191,8.04E-18,3.11E-14
S234,0.30390257,6.61E-13,232.90393,2.0568763,0.39094057,0.00426524,1.69E-12,0.171033,0.930047,5.53E-19,0.000582309,0.000157415,5.66E-19,1,1.69E-12,0.92193,0.904574,5.39E-18,0.00556374,2.54E-09,0.917945,5.81E-19,3.59E-15
S235,0.42765257,8.82E-10,201.65393,6.9943763,0.13898744,0.00346637,2.13E-13,0.0620776,0.991063,2.13E-18,0.00181784,0.000600646,1.68E-18,1,2.13E-13,0.751968,0.98779,1.12E-17,0.0219174,1.17E-09,0.989564,8.32E-18,2.80E-15
S236,0.92265257,2.79E-12,326.65393,26.744376,0.28898744,0.00622669,9.23E-13,0.128234,0.960971,1.23E-18,0.00317679,8.44E-05,1.77E-18,1,9.23E-13,0.927881,0.942064,9.19E-18,0.0229379,2.82E-09,0.954292,2.50E-18,2.10E-14
S237,0.67515257,4.96E-11,264.15393,16.869376,0.36398744,0.00634627,1.46E-12,0.162753,0.939254,1.08E-17,0.00898041,0.00021374,1.65E-17,1,1.46E-12,0.837783,0.936927,6.55E-17,0.0609662,3.09E-09,0.929482,9.46E-18,7.70E-14
S238,0.18015257,1.57E-13,389.15393,36.619376,0.21398744,0.00242789,5.05E-13,0.0931114,0.978809,8.09E-19,0.00148606,0.000372174,9.84E-19,1,5.05E-13,0.955964,0.971962,7.36E-18,0.0262284,1.42E-09,0.974983,4.06E-18,2.64E-15
S239,0.14921507,3.46E-11,178.21643,3.2912513,0.27961244,0.00278909,8.64E-13,0.123799,0.963977,4.31E-18,0.002215,0.000480099,3.03E-18,1,8.64E-13,0.936606,0.956953,3.95E-17,0.0322037,1.73E-09,0.958539,6.38E-18,6.31E-15
S240,0.64421507,1.09E-13,303.21643,23.041251,0.12961244,0.0034942,1.85E-13,0.057069,0.992139,2.29E-19,0.000169979,0,1.07E-18,1,1.85E-13,0.87989,0.987933,1.17E-19,0.00411252,1.14E-09,0.990562,1.00E-18,1.62E-16
S241,0.89171507,6.15E-10,240.71643,13.166251,0.20461244,0.00566308,4.61E-13,0.092252,0.980685,2.92E-18,0.00453383,0.000244292,4.53E-18,1,4.61E-13,0.828652,0.97092,2.19E-17,0.0330108,1.77E-09,0.977619,8.14E-18,1.86E-14
S242,0.39671507,1.95E-12,365.71643,32.916251,0.35461244,0.00466753,1.39E-12,0.155916,0.942182,5.19E-18,0.0060385,0.000159327,5.88E-18,1,1.39E-12,0.937641,0.909024,4.04E-17,0.0516493,2.24E-09,0.932308,6.10E-18,3.69E-14
S243,0.27296507,1.46E-10,334.46643,37.853751,0.39211244,0.00458489,1.70E-12,0.175739,0.929793,7.34E-17,0.0328304,0.000432762,9.49E-17,1,1.70E-12,0.844758,0.923373,4.54E-16,0.315382,3.31E-09,0.919926,6.17E-17,2.19E-13
S244,0.76796507,4.61E-13,209.46643,18.103751,0.24211244,0.00517262,6.47E-13,0.106746,0.972543,4.08E-19,0.00156401,0.00010571,7.34E-19,1,6.47E-13,0.939511,0.959152,2.31E-18,0.0144699,2.37E-09,0.967719,1.63E-18,6.94E-15
S245,0.52046507,8.20E-12,396.96643,27.978751,0.16711244,0.00370724,3.09E-13,0.0737891,0.987027,8.75E-19,0.00137571,0.000519292,1.44E-18,1,3.09E-13,0.959058,0.982551,4.21E-18,0.0171346,1.56E-09,0.984685,3.83E-18,2.78E-15
S246,0.025465069,2.59E-14,271.96643,8.2287513,0.12463197,0.000709124,1.71E-13,0.0541234,0.99282,6.97E-19,0.000113509,0,5.50E-19,1,1.71E-13,0.553839,0.991026,1.94E-18,0.0108411,1.07E-09,0.991402,3.28E-18,2.42E-17
S247,0.087340069,3.00E-10,381.34143,15.635001,0.11086244,0.00148497,1.35E-13,0.0490687,0.994297,5.25E-18,0.00153073,0.00270775,1.95E-18,1,1.35E-13,0.647406,0.992779,2.23E-17,0.0428993,9.27E-10,0.993249,2.11E-17,7.20E-16
S248,0.58234007,9.47E-13,256.34143,35.385001,0.26086244,0.00474859,7.51E-13,0.114748,0.968353,1.40E-18,0.00378756,0.00010822,1.83E-18,1,7.51E-13,0.905528,0.970894,1.36E-17,0.0341362,1.91E-09,0.96281,4.16E-18,1.69E-14
S249,0.82984007,1.68E-11,318.84143,5.7600013,0.33586244,0.00654384,1.25E-12,0.149706,0.947864,1.17E-18,0.00154115,0.00014684,1.84E-18,1,1.25E-12,0.895429,0.93501,6.81E-18,0.0103408,2.94E-09,0.939181,1.31E-18,1.25E-14
S250,0.33484007,5.33E-14,193.84143,25.510001,0.18586244,0.00303951,3.82E-13,0.081125,0.983867,4.66E-19,0.000959415,0.000714479,1.23E-18,1,3.82E-13,0.962964,0.977131,7.53E-19,0.0166383,1.31E-09,0.980878,2.54E-18,1.72E-15
S251,0.45859007,4.00E-12,225.09143,20.572501,0.22336244,0.00399698,5.51E-13,0.0983266,0.976864,1.55E-18,0.00284734,0.000205635,1.84E-18,1,5.51E-13,0.954184,0.966804,1.35E-17,0.0299683,1.62E-09,0.972821,4.99E-18,8.96E-15
S252,0.95359007,1.26E-14,350.09143,0.82250129,0.37336244,0.00697574,1.54E-12,0.164761,0.934669,3.40E-21,3.80E-05,1.57E-05,5.79E-21,1,1.54E-12,0.907311,0.920773,3.74E-21,0.000279348,3.04E-09,0.923363,1.38E-20,3.68E-16
S253,0.70609007,7.10E-11,162.59143,30.447501,0.29836244,0.00589212,9.82E-13,0.133332,0.959013,1.93E-17,0.0194769,0.000200405,2.52E-17,1,9.82E-13,0.908941,0.948879,1.37E-16,0.143037,2.60E-09,0.952408,2.37E-17,1.26E-13
S254,0.21109007,2.25E-13,287.59143,10.697501,0.14836244,0.0021955,2.42E-13,0.0646177,0.989817,2.92E-19,0.000251945,0.00265728,6.13E-19,1,2.42E-13,0.969957,0.986089,1.01E-18,0.00589459,1.00E-09,0.987887,1.47E-18,2.31E-16
S255,0.20915647,7.27E-11,373.04065,24.352775,0.23566713,0.0030468,6.13E-13,0.104446,0.974362,7.27E-18,0.00624756,0.000439712,7.07E-18,1,6.13E-13,0.9392,0.972692,6.82E-17,0.0783418,1.52E-09,0.97048,1.77E-17,1.61E-14
S256,0.70415647,2.30E-13,248.04065,4.6027747,0.38566713,0.006228,1.64E-12,0.169644,0.931137,2.51E-19,0.000722846,5.65E-05,3.64E-19,1,1.64E-12,0.918053,0.910378,1.84E-18,0.00526894,2.63E-09,0.91909,3.84E-19,6.45E-15
S257,0.95165647,4.09E-12,310.54065,34.227775,0.31066713,0.00656608,1.07E-12,0.13808,0.955049,2.45E-18,0.00538284,9.34E-05,3.78E-18,1,1.07E-12,0.92718,0.928684,1.76E-17,0.0367658,3.08E-09,0.94744,3.91E-18,4.05E-14
S258,0.45665647,1.29E-14,185.54065,14.477775,0.16066713,0.00327986,2.86E-13,0.0705404,0.987908,1.64E-19,0.000230102,0.00220153,7.47E-19,1,2.86E-13,0.970862,0.980202,4.80E-20,0.0045425,1.22E-09,0.985617,7.97E-19,3.39E-16
S259,0.33290647,1.72E-11,216.79065,19.415275,0.32238588,0.00424871,1.15E-12,0.142597,0.952296,1.17E-17,0.00930662,0.000263754,1.24E-17,1,1.15E-12,0.796466,0.940208,9.49E-17,0.09395,2.75E-09,0.944544,1.40E-17,4.69E-14
S260,0.82790647,5.45E-14,341.79065,39.165275,0.27316713,0.00561945,8.24E-13,0.12032,0.964931,2.33E-19,0.00150341,5.43E-05,4.51E-19,1,8.24E-13,0.946646,0.948402,3.38E-19,0.0134509,2.16E-09,0.958758,1.11E-18,8.30E-15
S261,0.58040647,3.06E-10,154.29065,9.5402747,0.34816713,0.00610942,1.34E-12,0.156847,0.944511,2.08E-17,0.0138597,0.000274647,2.99E-17,1,1.34E-12,0.868371,0.939762,1.36E-16,0.10028,2.93E-09,0.936377,1.98E-17,1.09E-13
S262,0.085406475,9.69E-13,279.29065,29.290275,0.19816713,0.00166503,4.33E-13,0.0864269,0.981873,3.39E-18,0.002787,0.000693968,2.18E-18,1,4.33E-13,0.958893,0.976327,3.64E-17,0.0661326,1.23E-09,0.97872,1.37E-17,3.14E-15
S263,0.023531475,8.39E-12,169.91565,36.696525,0.10881166,0.000699301,1.31E-13,0.0478037,0.994475,2.77E-17,0.00374552,0.00966286,6.98E-18,1,1.31E-13,0.65653,0.99305,1.32E-16,0.26195,9.14E-10,0.993385,1.16E-16,7.22E-16
S264,0.51853147,2.65E-14,294.91565,16.946525,0.21691713,0.00402199,5.19E-13,0.0950153,0.978005,1.17E-19,0.000439169,0.000272022,3.50E-19,1,5.19E-13,0.956553,0.968648,1.00E-19,0.00566756,1.55E-09,0.97399,6.54E-19,1.29E-15
S265,0.76603147,1.49E-10,232.41565,26.821525,0.14191713,0.00425898,2.23E-13,0.0633704,0.990621,2.44E-18,0.00310284,0.000588984,3.43E-18,1,2.23E-13,0.790834,0.985568,1.20E-17,0.0309647,1.23E-09,0.988908,1.02E-17,5.82E-15
S266,0.27103147,4.72E-13,357.41565,7.0715247,0.29191713,0.00347774,9.41E-13,0.127459,0.96061,3.81E-19,0.000701364,0.000137458,3.56E-19,1,9.41E-13,0.940302,0.946465,4.57E-18,0.00812501,1.98E-09,0.953693,9.40E-19,2.59E-15
S267,0.39478147,6.29E-10,326.16565,2.1340247,0.25441713,0.00456858,7.15E-13,0.114502,0.970123,1.21E-18,0.0011144,0.00038661,1.83E-18,1,7.15E-13,0.929895,0.964405,9.42E-18,0.0103851,2.20E-09,0.966029,2.33E-18,4.72E-15
S268,0.88978147,1.99E-12,201.16565,21.884025,0.10441713,0.00370982,1.21E-13,0.0463455,0.994868,5.84E-19,0.000245768,0,2.01E-18,1,1.21E-13,0.724158,0.991384,8.60E-19,0.00596058,9.37E-10,0.993741,2.25E-18,1.50E-16
S269,0.64228147,3.54E-11,388.66565,12.009025,0.17941713,0.00431518,3.56E-13,0.0796504,0.985051,5.68E-19,0.000987862,0.000321537,8.29E-19,1,3.56E-13,0.927592,0.979795,3.41E-18,0.00985726,1.57E-09,0.982429,2.25E-18,2.58E-15
S270,0.14728147,1.12E-13,263.66565,31.759025,0.32941713,0.00271942,1.20E-12,0.143179,0.95,3.18E-18,0.00439948,0.000153866,2.22E-18,1,1.20E-12,0.932937,0.933801,4.79E-17,0.0657971,2.13E-09,0.941174,6.53E-18,1.44E-14
S271,0.17821897,5.07E-11,302.72815,8.3058997,0.17004213,0.00237223,3.20E-13,0.0750888,0.986609,1.53E-18,0.00127598,0.000659399,1.14E-18,1,3.20E-13,0.96721,0.980805,1.27E-17,0.0205751,1.12E-09,0.98442,6.15E-18,1.73E-15
S272,0.67321897,1.60E-13,177.72815,28.0559,0.32004213,0.00554956,1.13E-12,0.140646,0.952294,9.73E-19,0.0039601,5.21E-05,1.35E-18,1,1.13E-12,0.910862,0.95148,5.93E-18,0.0339034,2.29E-09,0.943877,2.66E-18,2.59E-14
S273,0.92071897,9.02E-10,365.22815,18.1809,0.39504213,0.00819488,1.72E-12,0.180429,0.928843,2.12E-17,0.0165302,0.0002623,5.21E-17,1,1.72E-12,0.905368,0.903609,1.11E-16,0.0895283,3.65E-09,0.918563,1.84E-17,1.99E-13
S274,0.42571897,2.85E-12,240.22815,37.9309,0.24504213,0.00402407,6.62E-13,0.107631,0.972236,2.94E-18,0.00555531,0.000169364,3.31E-18,1,6.62E-13,0.958167,0.954942,2.97E-17,0.0554381,1.56E-09,0.967409,8.49E-18,1.95E-14
S275,0.30196897,2.14E-10,208.97815,32.9934,0.20754213,0.00348908,4.75E-13,0.0924231,0.980108,1.44E-17,0.0142415,0.000408684,1.49E-17,1,4.75E-13,0.933017,0.978175,1.33E-16,0.171163,1.71E-09,0.97713,4.16E-17,3.65E-14
S276,0.79696897,6.76E-13,333.97815,13.2434,0.35754213,0.00640132,1.41E-12,0.157901,0.940662,6.81E-19,0.00169382,7.03E-05,1.01E-18,1,1.41E-12,0.917406,0.925588,5.30E-18,0.0115197,2.58E-09,0.930428,1.00E-18,1.44E-14
S277,0.54946897,1.20E-11,271.47815,23.1184,0.28254213,0.00496199,8.82E-13,0.125102,0.963104,3.89E-18,0.00537689,0.000171118,4.70E-18,1,8.82E-13,0.904388,0.9674,2.93E-17,0.0451804,2.03E-09,0.956866,6.59E-18,2.75E-14
S278,0.054468975,3.80E-14,396.47815,3.3683997,0.13254213,0.00106786,1.95E-13,0.0577195,0.991812,1.15E-19,3.49E-05,0,1.47E-19,1,1.95E-13,0.784105,0.989714,2.57E-19,0.00213647,1.14E-09,0.990207,5.74E-19,1.24E-17
S279,0.11634397,4.39E-10,255.85315,10.77465,0.30129213,0.0029969,1.00E-12,0.135596,0.958117,3.58E-17,0.0136826,0.000712676,3.28E-17,1,1.00E-12,0.942644,0.940683,2.95E-16,0.190007,1.84E-09,0.953209,4.73E-17,4.60E-14
S280,0.61134397,1.39E-12,380.85315,30.52465,0.15129213,0.0037277,2.52E-13,0.0666562,0.989345,4.80E-19,0.000708264,0.00110075,1.31E-18,1,2.52E-13,0.926981,0.984111,1.75E-18,0.00951718,1.36E-09,0.987355,2.26E-18,1.19E-15
S281,0.85884397,2.47E-11,193.35315,0.89964972,0.22629213,0.00547961,5.66E-13,0.100831,0.976172,1.04E-19,0.000199682,0.000163851,1.44E-19,1,5.66E-13,0.927016,0.967491,7.28E-19,0.00161433,2.06E-09,0.972097,2.71E-19,8.82E-16
S282,0.36384397,7.81E-14,318.35315,20.64965,0.37629213,0.00448397,1.56E-12,0.164202,0.93481,8.57E-19,0.00220355,6.77E-05,9.31E-19,1,1.56E-12,0.930576,0.902527,6.28E-18,0.0223616,2.53E-09,0.92322,1.58E-18,1.37E-14
S283,0.48759397,5.86E-12,349.60315,25.58715,0.33879213,0.0050878,1.27E-12,0.149549,0.94719,4.79E-18,0.00564124,0.000168379,6.04E-18,1,1.27E-12,0.943082,0.91237,3.31E-17,0.0451729,2.17E-09,0.938255,5.75E-18,3.59E-14
S284,0.98259397,1.85E-14,224.60315,5.8371497,0.18879213,0.00505566,3.94E-13,0.0834141,0.983054,3.42E-20,0.000106647,0.000587976,1.82E-19,1,3.94E-13,0.868877,0.974887,9.89E-21,0.00119314,1.70E-09,0.980027,1.59E-19,3.09E-16
S285,0.73509397,1.04E-10,287.10315,35.46215,0.11379213,0.00371177,1.43E-13,0.0506401,0.993977,2.16E-18,0.00172932,0.00179358,3.40E-18,1,1.43E-13,0.742814,0.990433,5.97E-18,0.0222516,9.89E-10,0.992734,9.10E-18,1.89E-15
S286,0.24009397,3.29E-13,162.10315,15.71215,0.26379213,0.00311221,7.68E-13,0.115041,0.967813,1.42E-18,0.00264619,0.000167501,1.31E-18,1,7.68E-13,0.945524,0.956333,2.01E-17,0.0353028,1.81E-09,0.962107,4.47E-18,7.80E-15
S287,0.25556272,3.41E-12,228.5094,3.9855872,0.20285463,0.00289538,4.55E-13,0.0889747,0.980931,3.76E-19,0.000504616,0.000357526,3.66E-19,1,4.55E-13,0.958126,0.974135,3.37E-18,0.00718467,1.38E-09,0.977582,1.41E-18,1.02E-15
S288,0.75056272,1.08E-14,353.5094,23.735587,0.35285463,0.00606423,1.38E-12,0.155105,0.941826,9.51E-20,0.00100007,2.20E-05,1.74E-19,1,1.38E-12,0.930711,0.920084,1.19E-19,0.0083842,2.71E-09,0.931566,4.57E-19,7.90E-15
S289,0.99806272,6.07E-11,166.0094,13.860587,0.27785463,0.00657277,8.51E-13,0.124538,0.964261,4.42E-18,0.00650912,0.00015551,6.76E-18,1,8.51E-13,0.923757,0.950378,3.16E-17,0.0436441,2.61E-09,0.958377,6.76E-18,4.35E-14
S290,0.50306272,1.92E-13,291.0094,33.610587,0.30539369,0.00474192,1.03E-12,0.133843,0.956647,8.48E-19,0.00300704,6.79E-05,1.08E-18,1,1.03E-12,0.934848,0.941553,6.61E-18,0.0289527,2.18E-09,0.94898,2.52E-18,1.59E-14
S291,0.37931272,2.56E-10,384.7594,38.548087,0.16535463,0.00344153,3.02E-13,0.0735428,0.987341,5.13E-18,0.00552113,0.000466327,4.93E-18,1,3.02E-13,0.901029,0.983627,3.20E-17,0.0655132,1.40E-09,0.985293,1.97E-17,1.06E-14
S292,0.87431272,8.09E-13,259.7594,18.798087,0.31535463,0.0062774,1.10E-12,0.139439,0.953567,7.98E-19,0.00246776,6.28E-05,1.13E-18,1,1.10E-12,0.912907,0.935847,6.47E-18,0.0178781,2.93E-09,0.945576,1.61E-18,1.80E-14
S293,0.62681272,1.44E-11,322.2594,28.673087,0.39035463,0.00621584,1.68E-12,0.173578,0.930199,1.20E-17,0.0105507,0.00018796,1.79E-17,1,1.68E-12,0.789007,0.917799,6.80E-17,0.0738027,3.33E-09,0.918618,9.99E-18,9.52E-14
S294,0.13181272,4.55E-14,197.2594,8.9230872,0.24035463,0.00219002,6.38E-13,0.104313,0.973246,3.63E-19,0.000720618,0.000268731,3.58E-19,1,6.38E-13,0.950201,0.965212,3.21E-18,0.0150517,1.51E-09,0.968414,1.80E-18,1.33E-15
S295,0.069937725,1.25E-10,306.6344,16.329337,0.12053041,0.00134729,1.61E-13,0.0533382,0.99324,6.58E-18,0.00199308,0.0024102,2.32E-18,1,1.61E-13,0.729917,0.991442,3.43E-17,0.0622555,1.01E-09,0.99206,2.70E-17,9.63E-16
S296,0.56493772,3.94E-13,181.6344,36.079337,0.18410463,0.00391736,3.74E-13,0.0808884,0.984184,9.13E-19,0.0020854,0.000454899,2.22E-18,1,3.74E-13,0.960735,0.977482,3.47E-18,0.0260323,1.43E-09,0.981309,4.41E-18,4.88E-15
S297,0.81243772,7.01E-12,369.1344,6.4543372,0.10910463,0.00367203,1.32E-13,0.0484409,0.994403,1.33E-19,8.22E-05,0,3.77E-19,1,1.32E-13,0.751602,0.98996,2.65E-19,0.00147367,9.95E-10,0.993197,5.52E-19,6.67E-17
S298,0.31743772,2.22E-14,244.1344,26.204337,0.25910463,0.00346861,7.41E-13,0.112845,0.968774,3.07E-19,0.00131001,0.000138111,5.74E-19,1,7.41E-13,0.948058,0.957087,7.48E-19,0.0188385,1.76E-09,0.963095,1.75E-18,4.16E-15
S299,0.44118772,2.96E-11,150.3844,21.266837,0.29660463,0.00468355,9.72E-13,0.131625,0.959499,1.51E-17,0.0132732,0.00023434,1.58E-17,1,9.72E-13,0.836753,0.94566,1.19E-16,0.122898,2.56E-09,0.952912,1.97E-17,6.76E-14
S300,0.93618772,9.35E-14,275.3844,1.5168372,0.14660463,0.00441029,2.37E-13,0.0649606,0.989841,1.24E-20,1.71E-05,0,6.48E-20,1,2.37E-13,0.812765,0.981779,5.22E-21,0.000265091,1.36E-09,0.987936,5.30E-20,2.81E-17
S301,0.68868772,5.26E-10,212.8844,31.141837,0.22160463,0.00529159,5.42E-13,0.0997335,0.977355,1.12E-17,0.0148887,0.000269728,1.68E-17,1,5.42E-13,0.894574,0.969942,8.98E-17,0.117954,1.90E-09,0.973898,2.74E-17,6.24E-14
S302,0.19368772,1.66E-12,337.8844,11.391837,0.37160463,0.00340302,1.52E-12,0.162823,0.936857,4.13E-18,0.00289518,0.000263813,3.57E-18,1,1.52E-12,0.923132,0.916999,3.52E-17,0.034184,2.40E-09,0.926229,4.23E-18,1.35E-14
S303,0.16275022,7.53E-10,189.4469,29.907462,0.13722963,0.00231139,2.08E-13,0.0612554,0.991235,2.06E-17,0.0107015,0.000974117,1.08E-17,1,2.08E-13,0.6965,0.988742,1.36E-16,0.192559,1.15E-09,0.989907,7.61E-17,1.11E-14
S304,0.65775022,2.38E-12,314.4469,10.157462,0.28722963,0.00531605,9.12E-13,0.126857,0.96169,6.21E-19,0.00131291,0.000108462,7.94E-19,1,9.12E-13,0.93234,0.952583,5.21E-18,0.0103619,2.08E-09,0.955064,1.24E-18,7.32E-15
S305,0.90525022,4.24E-11,251.9469,39.782462,0.36222963,0.00717128,1.45E-12,0.162393,0.939583,1.86E-17,0.0192952,0.000170331,3.17E-17,1,1.45E-12,0.902086,0.919475,1.07E-16,0.118432,3.27E-09,0.929709,1.68E-17,1.86E-13
S306,0.41025022,1.34E-13,376.9469,20.032462,0.21222963,0.00358988,4.97E-13,0.0928435,0.979003,2.14E-19,0.000632244,0.000265421,4.35E-19,1,4.97E-13,0.953712,0.971187,7.26E-19,0.00860762,1.59E-09,0.975188,1.13E-18,1.64E-15
S307,0.28650022,1.00E-11,283.1969,15.094962,0.24972963,0.0034489,6.89E-13,0.110023,0.971227,2.61E-18,0.00303976,0.000265108,2.49E-18,1,6.89E-13,0.937117,0.968402,2.50E-17,0.0341987,1.57E-09,0.9664,6.08E-18,9.40E-15
S308,0.78150022,3.18E-14,158.1969,34.844962,0.39972963,0.00660616,1.77E-12,0.175918,0.925795,9.10E-19,0.00543195,2.68E-05,1.43E-18,1,1.77E-12,0.90143,0.915538,3.28E-18,0.0410669,2.82E-09,0.912788,2.18E-18,5.34E-14
S309,0.53400022,1.79E-10,345.6969,5.2199622,0.32472963,0.00558663,1.16E-12,0.145578,0.951653,2.96E-18,0.00261254,0.000289607,5.05E-18,1,1.16E-12,0.862658,0.949909,2.08E-17,0.019814,2.74E-09,0.944361,3.52E-18,1.75E-14
S310,0.039000225,5.65E-13,220.6969,24.969962,0.17472963,0.00106392,3.37E-13,0.0761524,0.985898,5.19E-18,0.00244673,0.00166534,2.49E-18,1,3.37E-13,0.676318,0.982385,5.01E-17,0.102058,1.48E-09,0.983427,2.28E-17,1.49E-15
S311,0.10087522,2.06E-11,361.3219,32.376212,0.26847963,0.0022462,7.96E-13,0.118546,0.966781,1.97E-17,0.00961471,0.000580908,1.23E-17,1,7.96E-13,0.944831,0.956251,1.84E-16,0.165851,1.68E-09,0.961755,3.32E-17,2.11E-14
S312,0.59587522,6.52E-14,236.3219,12.626212,0.33498354,0.00533717,1.24E-12,0.146717,0.947916,2.56E-19,0.00120784,4.36E-05,3.46E-19,1,1.24E-12,0.930897,0.9279,1.11E-18,0.0109914,2.30E-09,0.938706,7.54E-19,7.93E-15
S313,0.84337522,3.67E-10,298.8219,22.501212,0.19347963,0.00530808,4.14E-13,0.0870049,0.982659,3.07E-18,0.00491573,0.000255371,4.51E-18,1,4.14E-13,0.839024,0.973531,2.16E-17,0.0378682,1.68E-09,0.979812,9.49E-18,1.76E-14
S314,0.34837522,1.16E-12,173.8219,2.7512122,0.34347963,0.00429042,1.30E-12,0.15061,0.945717,7.35E-19,0.000905792,0.000148862,7.33E-19,1,1.30E-12,0.908923,0.942859,7.97E-18,0.00856171,2.18E-09,0.936336,9.70E-19,4.92E-15
S315,0.47212522,8.70E-11,267.5719,7.6887122,0.38097963,0.00562726,1.60E-12,0.170339,0.933745,9.73E-18,0.00572179,0.000289775,1.32E-17,1,1.60E-12,0.814083,0.917489,5.69E-17,0.0443253,3.23E-09,0.923591,7.81E-18,4.56E-14
S316,0.96712522,2.75E-13,392.5719,27.438712,0.23097963,0.00559833,5.89E-13,0.102192,0.974897,2.11E-19,0.000937672,0.000112071,4.77E-19,1,5.89E-13,0.931212,0.959621,5.14E-19,0.00834675,2.24E-09,0.970508,9.26E-19,4.26E-15
S317,0.71962522,4.89E-12,205.0719,17.563712,0.15597963,0.00412359,2.69E-13,0.0690225,0.988626,6.90E-19,0.00111728,0.000705037,1.57E-18,1,2.69E-13,0.888497,0.98235,3.31E-18,0.0127559,1.38E-09,0.986532,3.06E-18,2.23E-15
S318,0.22462522,1.55E-14,330.0719,37.313712,0.30597963,0.00317631,1.03E-12,0.13281,0.956624,4.74E-19,0.00193287,7.34E-05,5.00E-19,1,1.03E-12,0.939332,0.941291,2.13E-18,0.0295214,1.90E-09,0.948799,2.21E-18,6.81E-15
S319,0.21689085,1.57E-11,203.11878,12.317618,0.35051088,0.00363449,1.36E-12,0.154969,0.943743,1.57E-17,0.00816041,0.000355543,1.37E-17,1,1.36E-12,0.935805,0.916449,1.22E-16,0.0910274,2.16E-09,0.934865,1.51E-17,3.84E-14
S320,0.71189085,4.98E-14,328.11878,32.067618,0.20051088,0.00450128,4.44E-13,0.0881938,0.981113,1.99E-19,0.000674091,0.000332408,6.60E-19,1,4.44E-13,0.949961,0.972587,1.49E-19,0.00793843,1.98E-09,0.977694,1.02E-18,1.99E-15
S321,0.95939085,2.80E-10,265.61878,2.4426185,0.12551088,0.00445331,1.74E-13,0.0562165,0.992662,1.85E-19,0.000206105,0.000758381,2.54E-19,1,1.74E-13,0.705933,0.987597,6.79E-19,0.00199655,1.11E-09,0.991243,7.65E-19,3.35E-16
S322,0.46439085,8.86E-13,390.61878,22.192618,0.27551088,0.00438689,8.39E-13,0.120886,0.964778,7.67E-19,0.00182109,0.00011138,8.88E-19,1,8.39E-13,0.950864,0.943302,7.40E-18,0.0173032,1.96E-09,0.958579,2.05E-18,7.97E-15
S323,0.34064085,6.64E-11,296.86878,27.130118,0.31301088,0.00437108,1.08E-12,0.139251,0.954987,1.76E-17,0.0128305,0.000331305,2.14E-17,1,1.08E-12,0.832468,0.951445,1.32E-16,0.124469,2.65E-09,0.948067,2.15E-17,6.46E-14
S324,0.83564085,2.10E-13,171.86878,7.3801185,0.16301088,0.00441153,2.94E-13,0.0720205,0.987477,1.27E-19,0.000248678,0.000909028,4.81E-19,1,2.94E-13,0.873232,0.981629,1.34E-19,0.00317637,1.43E-09,0.985169,5.73E-19,5.29E-16
S325,0.58814085,3.73E-12,359.36878,37.005118,0.23801088,0.00461727,6.24E-13,0.10493,0.97375,1.52E-18,0.00333648,0.00015314,2.00E-18,1,6.24E-13,0.913189,0.969169,1.27E-17,0.0307442,1.92E-09,0.96919,4.53E-18,1.30E-14
S326,0.09314085,1.18E-14,234.36878,17.255118,0.10265932,0.00121926,1.17E-13,0.0447046,0.995074,5.28E-19,0,0,1.14E-18,1,1.17E-13,0.978894,0.992977,2.03E-19,0.00672414,7.37E-10,0.993958,2.28E-18,5.35E-20
S327,0.03126585,5.75E-10,343.74378,9.8488685,0.18176088,0.0014568,3.65E-13,0.0799125,0.98489,1.98E-17,0.00606145,0.00167451,9.99E-18,1,3.66E-13,0.535998,0.980671,1.97E-16,0.186148,1.52E-09,0.982899,5.55E-17,5.97E-15
S328,0.52626585,1.82E-12,218.74378,29.598868,0.33176088,0.00513808,1.22E-12,0.145982,0.94919,4.58E-18,0.00724482,0.00011833,5.38E-18,1,1.22E-12,0.931417,0.930903,4.20E-17,0.0576317,2.09E-09,0.940454,6.59E-18,4.55E-14
S329,0.77376585,3.23E-11,281.24378,19.723868,0.25676088,0.00560124,7.28E-13,0.114428,0.969464,2.73E-18,0.00429167,0.000167708,3.75E-18,1,7.28E-13,0.937297,0.95576,1.84E-17,0.0335271,2.45E-09,0.964335,5.23E-18,2.24E-14
S330,0.27876585,1.02E-13,156.24378,39.473868,0.10676088,0.00214694,1.26E-13,0.0468039,0.994688,1.45E-18,0.000222615,0,4.27E-18,1,1.26E-13,0.977586,0.992484,1.12E-18,0.0176299,7.89E-10,0.993512,6.04E-18,7.23E-17
S331,0.40251585,7.67E-12,249.99378,34.536368,0.14426088,0.00306026,2.30E-13,0.0635367,0.990339,1.93E-18,0.00200769,0.00123072,3.29E-18,1,2.30E-13,0.963372,0.987684,7.73E-18,0.0318396,1.31E-09,0.988553,8.68E-18,2.67E-15
S332,0.89751585,2.43E-14,374.99378,14.786368,0.29426088,0.00604041,9.56E-13,0.129825,0.95928,5.89E-20,0.000477717,4.20E-05,1.29E-19,1,9.56E-13,0.926532,0.941804,5.02E-20,0.00402346,2.84E-09,0.952181,2.86E-19,3.08E-15
S333,0.65001585,1.36E-10,187.49378,24.661368,0.36926088,0.00644483,1.51E-12,0.165902,0.937622,3.78E-17,0.0252925,0.000246246,5.50E-17,1,1.51E-12,0.846965,0.935147,2.25E-16,0.172216,3.12E-09,0.927953,3.13E-17,2.24E-13
S334,0.15501585,4.31E-13,312.49378,4.9113685,0.21926088,0.00231067,5.31E-13,0.0955828,0.977724,2.46E-19,0.000355526,0.000345107,2.17E-19,1,5.31E-13,0.954346,0.970382,3.00E-18,0.00613373,1.48E-09,0.973757,1.03E-18,6.28E-16
S335,0.18595335,1.95E-10,226.55628,35.770743,0.28488588,0.00333678,8.95E-13,0.127408,0.96259,5.35E-17,0.0304435,0.000520277,5.53E-17,1,8.96E-13,0.932841,0.956027,4.75E-16,0.370781,1.76E-09,0.957564,8.20E-17,1.06E-13
S336,0.68095335,6.18E-13,351.55628,16.020743,0.13488588,0.00367917,2.00E-13,0.0594229,0.991515,2.06E-19,0.0002175,0.00249561,7.07E-19,1,2.00E-13,0.872183,0.985095,3.47E-19,0.00361415,1.23E-09,0.989874,9.20E-19,2.83E-16
S337,0.92845335,1.10E-11,164.05628,25.895743,0.20988588,0.00540635,4.87E-13,0.0934361,0.979383,1.99E-18,0.00458716,0.000169683,3.10E-18,1,4.87E-13,0.901485,0.96999,1.43E-17,0.0379769,1.89E-09,0.975809,6.44E-18,1.83E-14
S338,0.43345335,3.48E-14,289.05628,6.1457435,0.35988588,0.00474679,1.43E-12,0.157139,0.940136,1.21E-19,0.000514928,4.45E-05,1.44E-19,1,1.43E-12,0.933,0.909987,5.35E-19,0.00525126,2.45E-09,0.929427,3.30E-19,3.25E-15
S339,0.30970335,4.63E-11,382.80628,1.2082435,0.39738588,0.00468616,1.74E-12,0.176918,0.928018,1.34E-18,0.000650596,0.000358109,1.61E-18,1,1.74E-12,0.796543,0.913734,7.83E-18,0.0060045,3.36E-09,0.917031,1.04E-18,4.50E-15
S340,0.80470335,1.47E-13,257.80628,20.958243,0.24738588,0.00530357,6.76E-13,0.109011,0.971289,2.34E-19,0.00112928,9.36E-05,4.92E-19,1,6.76E-13,0.94135,0.956692,5.99E-19,0.0106302,2.44E-09,0.966221,1.06E-18,5.25E-15
S341,0.55720335,8.24E-10,320.30628,11.083243,0.17238588,0.00432609,3.29E-13,0.07737,0.986234,2.10E-18,0.00257946,0.00036674,2.42E-18,1,3.29E-13,0.819112,0.980792,1.33E-17,0.0244625,1.46E-09,0.984084,7.39E-18,6.60E-15
S342,0.06220335,2.61E-12,195.30628,30.833243,0.12316713,0.00115166,1.68E-13,0.0539045,0.992945,6.62E-18,0.00193033,0.00623084,4.58E-18,1,1.68E-13,0.757682,0.991066,3.06E-17,0.0839399,1.04E-09,0.991597,3.02E-17,7.35E-16
S343,0.12407835,5.35E-12,335.93128,23.426993,0.11613588,0.00157688,1.50E-13,0.0509666,0.993712,2.01E-18,0.000717402,0.00610813,2.00E-18,1,1.50E-13,0.972263,0.992622,6.64E-18,0.0219232,7.68E-10,0.992456,9.16E-18,3.27E-16
S344,0.61907835,1.69E-14,210.93128,3.6769935,0.26613588,0.00482376,7.82E-13,0.116639,0.966824,2.72E-20,0.000174796,8.01E-05,6.36E-20,1,7.82E-13,0.949164,0.94619,2.43E-20,0.00184047,2.13E-09,0.96087,1.54E-19,7.95E-16
S345,0.86657835,9.52E-11,398.43128,33.301993,0.34113588,0.00693344,1.29E-12,0.153316,0.946491,1.10E-17,0.011429,0.000200855,2.01E-17,1,1.29E-12,0.908234,0.926746,6.28E-17,0.0707665,3.10E-09,0.937946,1.10E-17,1.00E-13
S346,0.37157835,3.01E-13,273.43128,13.551993,0.19113588,0.00327198,4.03E-13,0.0836501,0.983013,2.84E-19,0.000594607,0.000452125,5.58E-19,1,4.03E-13,0.96026,0.976184,1.46E-18,0.00845827,1.38E-09,0.979931,1.42E-18,1.23E-15
S347,0.49532835,4.01E-10,179.68128,18.489493,0.22863588,0.00464355,5.77E-13,0.102439,0.975898,1.02E-17,0.0115283,0.000311717,1.37E-17,1,5.77E-13,0.93863,0.970352,8.73E-17,0.10679,2.02E-09,0.97228,2.44E-17,4.39E-14
S348,0.99032835,1.27E-12,304.68128,38.239493,0.37863588,0.00730114,1.58E-12,0.168017,0.933287,2.94E-18,0.00658929,7.19E-05,4.89E-18,1,1.58E-12,0.89337,0.920349,2.07E-17,0.0407036,3.40E-09,0.921947,3.47E-18,6.80E-14
S349,0.74282835,2.26E-11,242.18128,8.6144935,0.30363588,0.00594746,1.02E-12,0.135225,0.957434,2.19E-18,0.00278164,0.000162074,2.99E-18,1,1.02E-12,0.905245,0.947514,1.44E-17,0.020317,2.63E-09,0.95033,2.87E-18,1.85E-14
S350,0.24782835,7.14E-14,367.18128,28.364493,0.15363588,0.00240709,2.61E-13,0.0670901,0.989012,3.83E-19,0.000396415,0.00238879,1.02E-18,1,2.61E-13,0.969938,0.98421,5.66E-19,0.0095915,1.08E-09,0.986925,1.98E-18,4.27E-16
S351,0.2323596,3.35E-10,277.33753,30.216056,0.38332338,0.00441655,1.62E-12,0.172854,0.932677,1.03E-16,0.0409418,0.000489273,1.26E-16,1,1.62E-12,0.858842,0.929711,6.44E-16,0.415955,3.22E-09,0.924074,9.14E-17,2.58E-13
S352,0.7273596,1.06E-12,152.33753,10.466056,0.23332338,0.0049868,6.01E-13,0.102994,0.974587,4.82E-19,0.0014522,0.00012747,7.64E-19,1,6.01E-13,0.946224,0.96306,4.05E-18,0.0133848,2.24E-09,0.970106,1.75E-18,5.99E-15
S353,0.9748596,1.89E-11,339.83753,20.341056,0.15832338,0.00482482,2.77E-13,0.0704913,0.98829,5.77E-19,0.00106606,0.000479563,1.25E-18,1,2.77E-13,0.806222,0.978589,2.38E-18,0.0103228,1.45E-09,0.986189,2.43E-18,2.60E-15
S354,0.4798596,5.96E-14,214.83753,0.59105597,0.30832338,0.00462488,1.05E-12,0.134762,0.955911,1.24E-20,5.48E-05,6.01E-05,1.71E-20,1,1.05E-12,0.952126,0.920178,5.67E-20,0.00057504,2.08E-09,0.948048,4.42E-20,2.84E-16
S355,0.3561096,4.47E-12,183.58753,5.528556,0.27082338,0.00391553,8.10E-13,0.119081,0.966173,1.20E-18,0.00152703,0.000193846,1.14E-18,1,8.10E-13,0.954083,0.944872,1.12E-17,0.015884,1.73E-09,0.960392,2.36E-18,5.87E-15
S356,0.8511096,1.41E-14,308.58753,25.278556,0.12082338,0.00382296,1.61E-13,0.0534681,0.993106,1.27E-19,4.46E-05,0,7.97E-19,1,1.61E-13,0.787745,0.986996,2.49E-20,0.00197881,1.13E-09,0.991706,4.99E-19,2.90E-17
S357,0.6036096,7.95E-11,246.08753,15.403556,0.19582338,0.00445222,4.23E-13,0.0870818,0.982254,2.03E-18,0.00305044,0.000275467,2.54E-18,1,4.23E-13,0.941426,0.977104,1.57E-17,0.0287167,1.75E-09,0.97926,6.51E-18,9.22E-15
S358,0.1086096,2.51E-13,371.08753,35.153556,0.34582338,0.00242375,1.32E-12,0.150548,0.945073,6.25E-18,0.00506558,0.000243416,3.80E-18,1,1.32E-12,0.928045,0.928956,7.95E-17,0.0797718,2.13E-09,0.935542,9.18E-18,1.56E-14
S359,0.0467346,3.87E-11,261.71253,27.747306,0.21457338,0.00144537,5.08E-13,0.0951031,0.978652,2.71E-17,0.011001,0.00103645,1.26E-17,1,5.09E-13,0.958614,0.970038,3.25E-16,0.300382,1.33E-09,0.975677,7.52E-17,1.22E-14
S360,0.5417346,1.22E-13,386.71253,7.997306,0.36457338,0.00534714,1.47E-12,0.159762,0.938601,2.09E-19,0.000664403,5.67E-05,2.72E-19,1,1.47E-12,0.938356,0.89871,1.26E-18,0.00575427,2.44E-09,0.927762,4.09E-19,4.79E-15
S361,0.7892346,6.88E-10,199.21253,37.622306,0.28957338,0.00649182,9.26E-13,0.131124,0.961439,3.25E-17,0.0336122,0.000259081,6.00E-17,1,9.26E-13,0.919329,0.949261,2.33E-16,0.225737,2.62E-09,0.955717,4.65E-17,2.32E-13
S362,0.2942346,2.18E-12,324.21253,17.872306,0.13957338,0.00256361,2.16E-13,0.0612645,0.990919,6.39E-19,0.000564733,0.00193578,1.13E-18,1,2.16E-13,0.972181,0.986901,2.45E-18,0.0104548,9.85E-10,0.989195,3.07E-18,5.82E-16
S363,0.4179846,1.63E-10,355.46253,12.934806,0.38947572,0.00551249,1.68E-12,0.174771,0.930749,1.64E-17,0.00940107,0.00034548,2.59E-17,1,1.68E-12,0.812739,0.915441,9.82E-17,0.0741255,3.30E-09,0.920599,1.40E-17,7.49E-14
S364,0.9129846,5.16E-13,230.46253,32.684806,0.25207338,0.00571241,7.02E-13,0.111438,0.97015,6.42E-19,0.00272613,8.27E-05,1.16E-18,1,7.02E-13,0.948903,0.953835,3.40E-18,0.0229703,2.55E-09,0.964943,2.42E-18,1.41E-14
S365,0.6654846,9.18E-12,292.96253,3.059806,0.32707338,0.00580066,1.18E-12,0.145124,0.950635,5.66E-19,0.000772852,0.000149594,8.10E-19,1,1.18E-12,0.872928,0.953247,3.85E-18,0.0057055,2.50E-09,0.942319,7.10E-19,5.41E-15
S366,0.1704846,2.90E-14,167.96253,22.809806,0.17707338,0.00213536,3.46E-13,0.0769865,0.985422,6.80E-19,0.000901294,0.00132904,1.42E-18,1,3.46E-13,0.964231,0.980341,1.31E-18,0.0225522,1.18E-09,0.982705,3.76E-18,1.07E-15
S367,0.1395471,1.32E-11,394.52503,16.637931,0.31769838,0.00280546,1.11E-12,0.140159,0.953694,9.87E-18,0.0050649,0.000460399,7.63E-18,1,1.11E-12,0.934002,0.939497,8.63E-17,0.0702362,2.05E-09,0.946487,1.21E-17,1.66E-14
S368,0.6345471,4.16E-14,269.52503,36.387931,0.16769838,0.00391829,3.10E-13,0.073808,0.986832,3.02E-19,0.000576422,0.00117923,1.31E-18,1,3.10E-13,0.950133,0.983529,1.34E-19,0.00874561,1.52E-09,0.984389,1.45E-18,1.11E-15
S369,0.8820471,2.34E-10,332.02503,6.762931,0.24269838,0.00599965,6.51E-13,0.109187,0.97275,1.22E-18,0.00182163,0.000214606,2.06E-18,1,6.51E-13,0.903964,0.961965,8.68E-18,0.0126416,2.16E-09,0.968359,2.51E-18,9.59E-15
S370,0.3870471,7.40E-13,207.02503,26.512931,0.39269838,0.00480062,1.70E-12,0.172245,0.929267,6.79E-18,0.0082106,0.000133663,7.67E-18,1,1.70E-12,0.901901,0.920223,6.60E-17,0.0710565,2.61E-09,0.916994,7.27E-18,5.74E-14
S371,0.2632971,9.87E-10,238.27503,21.575431,0.35519838,0.00480495,1.39E-12,0.161078,0.942081,9.41E-17,0.0395316,0.000468677,1.18E-16,1,1.39E-12,0.863331,0.940651,5.82E-16,0.370994,2.97E-09,0.935221,9.22E-17,2.52E-13
S372,0.7582971,3.12E-12,363.27503,1.825431,0.20519838,0.00481208,4.65E-13,0.0907215,0.980323,3.96E-20,0.000106186,0.000195683,7.06E-20,1,4.65E-13,0.94704,0.970753,2.84E-19,0.000995586,2.00E-09,0.976862,1.61E-19,3.61E-16
S373,0.5107971,5.55E-11,175.77503,31.450431,0.13019838,0.00334631,1.88E-13,0.0577118,0.992131,3.75E-18,0.00334694,0.00119494,5.09E-18,1,1.88E-13,0.851592,0.988327,1.62E-17,0.045073,1.12E-09,0.990632,1.59E-17,4.26E-15
S374,0.0157971,1.75E-13,300.77503,11.700431,0.12873354,0.000579115,1.83E-13,0.0559475,0.992314,2.10E-18,0.00035802,0,9.02E-19,1,1.83E-13,0.462789,0.990362,9.86E-18,0.0327567,1.10E-09,0.990848,1.03E-17,7.14E-17
S375,0.0776721,1.14E-10,160.15003,4.294181,0.14894838,0.00157377,2.46E-13,0.0660194,0.989664,3.74E-18,0.00153536,0.00120183,1.43E-18,1,2.46E-13,0.842295,0.987134,3.10E-17,0.0415388,1.25E-09,0.988084,1.43E-17,1.19E-15
S376,0.5726721,3.60E-13,285.15003,24.044181,0.29894838,0.00500741,9.87E-13,0.131343,0.958449,7.23E-19,0.00238311,7.33E-05,9.55E-19,1,9.87E-13,0.938098,0.943143,6.56E-18,0.0209776,2.09E-09,0.951113,2.01E-18,1.30E-14
S377,0.8201721,6.41E-12,222.65003,14.169181,0.37394838,0.0067752,1.54E-12,0.166161,0.935509,4.10E-18,0.0052059,0.000127394,6.25E-18,1,1.54E-12,0.865398,0.920505,2.51E-17,0.0339231,3.06E-09,0.924656,3.92E-18,4.90E-14
S378,0.3251721,2.03E-14,347.65003,33.919181,0.22394838,0.00326434,5.54E-13,0.0975788,0.976663,2.54E-19,0.000848942,0.000278305,5.88E-19,1,5.54E-13,0.958086,0.965618,3.32E-19,0.0132916,1.51E-09,0.972376,1.49E-18,2.11E-15
S379,0.4489221,2.70E-11,316.40003,38.856681,0.18644838,0.00372907,3.85E-13,0.0824804,0.983872,3.00E-18,0.00441405,0.000349772,3.66E-18,1,3.85E-13,0.946296,0.98034,2.17E-17,0.0500003,1.61E-09,0.981096,1.13E-17,1.05E-14
S380,0.9439221,8.54E-14,191.40003,19.106681,0.33644838,0.00662687,1.25E-12,0.148562,0.946899,3.52E-19,0.00213689,3.17E-05,5.58E-19,1,1.25E-12,0.934794,0.922593,1.13E-18,0.0159564,2.42E-09,0.93772,1.05E-18,1.76E-14
S381,0.6964221,4.80E-10,378.90003,28.981681,0.26144838,0.00576962,7.54E-13,0.117779,0.968563,8.46E-18,0.0104815,0.000272204,1.57E-17,1,7.54E-13,0.928401,0.959185,6.14E-17,0.0763413,2.34E-09,0.963837,1.56E-17,5.75E-14
S382,0.2014221,1.52E-12,253.90003,9.231681,0.11144838,0.00190766,1.37E-13,0.0487273,0.994246,5.30E-19,0.000173035,0,8.87E-19,1,1.37E-13,0.980097,0.990793,1.14E-18,0.00599045,7.87E-10,0.99305,2.31E-18,7.87E-17
S383,0.19755491,6.70E-12,321.28284,26.975822,0.27433901,0.00301692,8.31E-13,0.120633,0.965355,6.98E-18,0.00573138,0.00031539,5.43E-18,1,8.31E-13,0.944151,0.953089,6.38E-17,0.0743583,1.81E-09,0.959653,1.23E-17,1.72E-14
S384,0.69255491,2.12E-14,196.28284,7.2258216,0.12433901,0.00351394,1.70E-13,0.0546804,0.992772,7.16E-20,3.44E-05,0,3.96E-19,1,1.70E-13,0.853831,0.986826,1.54E-20,0.00120227,1.15E-09,0.991292,2.98E-19,2.52E-17
S385,0.94005491,1.19E-10,383.78284,36.850822,0.19933901,0.00549058,4.39E-13,0.0893401,0.981519,2.60E-18,0.00470603,0.000218232,3.93E-18,1,4.39E-13,0.857281,0.972249,1.62E-17,0.0357266,1.73E-09,0.978404,7.84E-18,1.80E-14
S386,0.44505491,3.77E-13,258.78284,17.100822,0.34933901,0.00480849,1.35E-12,0.153153,0.94363,1.37E-18,0.00274357,9.15E-05,1.56E-18,1,1.35E-12,0.926048,0.926247,1.38E-17,0.0239936,2.35E-09,0.933762,2.23E-18,1.70E-14
S387,0.32130491,5.02E-10,165.03284,12.163322,0.38683901,0.00518545,1.65E-12,0.174875,0.931605,7.31E-17,0.028599,0.000386435,8.24E-17,1,1.65E-12,0.84456,0.922433,4.12E-16,0.251879,3.26E-09,0.92275,6.01E-17,2.13E-13
S388,0.81630491,1.59E-12,290.03284,31.913322,0.23683901,0.00531892,6.20E-13,0.104882,0.973734,8.26E-19,0.00257543,0.000117081,1.35E-18,1,6.20E-13,0.943135,0.960772,6.49E-18,0.0220097,2.36E-09,0.969149,2.84E-18,1.16E-14
S389,0.56880491,2.83E-11,227.53284,2.2883216,0.16183901,0.00386317,2.89E-13,0.0716165,0.987853,1.78E-19,0.000249393,0.000529354,2.66E-19,1,2.89E-13,0.924829,0.983526,9.97E-19,0.00285117,1.40E-09,0.985689,7.39E-19,5.02E-16
S390,0.073804912,8.94E-14,352.53284,22.038322,0.12638979,0.00122014,1.77E-13,0.0551156,0.992556,8.66E-19,0.000261218,0,1.16E-18,1,1.77E-13,0.791297,0.990711,2.10E-18,0.0139817,1.10E-09,0.991084,4.16E-18,9.83E-17
S391,0.011929912,5.80E-11,243.15784,34.382072,0.10558901,0.000553245,1.23E-13,0.0467301,0.994783,5.46E-17,0.00529288,0.00832303,7.18E-18,1,1.24E-13,0.582739,0.993405,3.27E-16,0.425492,8.86E-10,0.993811,2.14E-16,8.63E-16
S392,0.50692991,1.83E-13,368.15784,14.632072,0.25558901,0.00435213,7.21E-13,0.111952,0.969552,1.91E-19,0.0007141,9.99E-05,2.82E-19,1,7.21E-13,0.947247,0.958638,9.66E-19,0.00770283,1.77E-09,0.964128,8.04E-19,2.83E-15
S393,0.75442991,3.26E-12,180.65784,24.507072,0.33058901,0.00609356,1.21E-12,0.146504,0.949324,4.34E-18,0.00756398,0.000106661,6.01E-18,1,1.21E-12,0.871614,0.945035,3.69E-17,0.0539587,2.65E-09,0.940678,5.94E-18,5.63E-14
S394,0.25942991,1.03E-14,305.65784,4.7570716,0.18058901,0.00263367,3.60E-13,0.0786961,0.984808,4.13E-20,7.20E-05,0,1.33E-19,1,3.60E-13,0.964638,0.977944,2.11E-20,0.00155302,1.28E-09,0.981956,2.34E-19,1.05E-16
S395,0.38317991,1.38E-11,399.40784,9.6945716,0.21808901,0.00370377,5.25E-13,0.0961873,0.978039,7.53E-19,0.00105153,0.000268542,8.02E-19,1,5.25E-13,0.960215,0.965207,5.70E-18,0.0113509,1.54E-09,0.97432,2.20E-18,2.99E-15
S396,0.87817991,4.35E-14,274.40784,29.444572,0.36808901,0.00669161,1.50E-12,0.162219,0.936778,3.58E-19,0.00235947,2.62E-05,5.65E-19,1,1.50E-12,0.931617,0.897669,1.04E-18,0.0175798,2.79E-09,0.925809,9.88E-19,2.16E-14
S397,0.63067991,2.45E-10,336.90784,19.569572,0.29308901,0.00575082,9.50E-13,0.131739,0.960427,8.41E-18,0.00850162,0.000270751,1.43E-17,1,9.50E-13,0.915042,0.951959,5.85E-17,0.0623182,2.54E-09,0.954383,1.17E-17,5.27E-14
S398,0.13567991,7.74E-13,211.90784,39.319572,0.14308901,0.00177268,2.27E-13,0.062519,0.990489,3.00E-18,0.00188539,0.00279751,3.93E-18,1,2.27E-13,0.96997,0.987582,1.61E-17,0.049295,9.58E-10,0.988699,1.45E-17,1.40E-15
S399,0.16661741,3.51E-10,360.34534,1.0539466,0.35871401,0.00373551,1.42E-12,0.161741,0.940855,2.87E-18,0.00109569,0.000608156,3.33E-18,1,1.42E-12,0.909778,0.93611,1.99E-17,0.012129,2.22E-09,0.93361,2.89E-18,5.48E-15
S400,0.66161741,1.11E-12,235.34534,20.803947,0.20871401,0.00452278,4.82E-13,0.0920319,0.979607,5.46E-19,0.00153998,0.000203069,1.02E-18,1,4.82E-13,0.949599,0.96958,3.98E-18,0.0156862,2.04E-09,0.975987,2.36E-18,5.00E-15
S401,0.90911741,1.97E-11,297.84534,10.928947,0.13371401,0.00431218,1.98E-13,0.0595496,0.991638,3.61E-19,0.000446648,0.00110756,8.24E-19,1,1.98E-13,0.774875,0.985456,1.05E-18,0.00517634,1.20E-09,0.990049,1.52E-18,7.44E-16
S402,0.41411741,6.24E-14,172.84534,30.678947,0.28371401,0.00414283,8.89E-13,0.124002,0.962558,7.84E-19,0.00316242,7.78E-05,1.05E-18,1,8.89E-13,0.942082,0.951036,3.82E-18,0.0367148,1.74E-09,0.95588,3.20E-18,1.34E-14
S403,0.29036741,4.68E-12,266.59534,35.616447,0.32121401,0.00388302,1.14E-12,0.141216,0.952633,1.06E-17,0.0101521,0.000228986,1.06E-17,1,1.14E-12,0.933051,0.936911,9.45E-17,0.105694,2.15E-09,0.944699,1.44E-17,4.64E-14
S404,0.78536741,1.48E-14,391.59534,15.866447,0.17121401,0.00435189,3.24E-13,0.075476,0.986179,5.90E-20,0.000128677,0.00111286,3.05E-19,1,3.24E-13,0.908181,0.981676,1.45E-20,0.00179388,1.49E-09,0.983643,2.79E-19,2.74E-16
S405,0.53786741,8.32E-11,204.09534,25.741447,0.24621401,0.00476644,6.70E-13,0.109691,0.972009,8.39E-18,0.0102554,0.000245346,1.06E-17,1,6.70E-13,0.918682,0.967962,7.32E-17,0.0898914,2.08E-09,0.967486,1.72E-17,4.34E-14
S406,0.042867412,2.63E-13,329.09534,5.9914466,0.10060854,0.000842074,1.11E-13,0.0437739,0.995319,5.36E-19,4.40E-05,0,4.47E-19,1,1.11E-13,0.553698,0.994079,9.18E-19,0.00550055,8.58E-10,0.994286,2.28E-18,5.64E-18
S407,0.10474241,4.05E-11,188.47034,18.335197,0.18996401,0.00195359,3.98E-13,0.0838106,0.983299,1.04E-17,0.00625175,0.000698119,5.62E-18,1,3.98E-13,0.963685,0.976063,1.07E-16,0.125968,1.20E-09,0.98072,3.41E-17,8.05E-15
S408,0.59974241,1.28E-13,313.47034,38.085197,0.33996401,0.00541419,1.28E-12,0.149231,0.946334,9.02E-19,0.00334801,5.19E-05,1.18E-18,1,1.28E-12,0.926402,0.926303,4.89E-18,0.0291766,2.37E-09,0.936873,2.15E-18,2.27E-14
S409,0.84724241,7.20E-10,250.97034,8.4601966,0.26496401,0.0063848,7.76E-13,0.12002,0.967635,4.03E-18,0.00497782,0.000248341,7.63E-18,1,7.76E-13,0.896701,0.955818,2.97E-17,0.0330993,2.33E-09,0.962792,6.93E-18,3.07E-14
S410,0.35224241,2.28E-12,375.97034,28.210197,0.34728822,0.00437748,1.33E-12,0.152685,0.94455,4.77E-18,0.00520586,0.000177872,5.20E-18,1,1.33E-12,0.914899,0.935128,3.73E-17,0.0478375,2.21E-09,0.935098,5.79E-18,2.92E-14
S411,0.47599241,1.71E-10,282.22034,23.272697,0.15246401,0.00359925,2.57E-13,0.0677842,0.98922,2.80E-18,0.00316208,0.000520484,2.93E-18,1,2.57E-13,0.8757,0.985052,1.63E-17,0.036285,1.29E-09,0.987345,1.15E-17,5.63E-15
S412,0.97099241,5.40E-13,157.22034,3.5226966,0.30246401,0.00643592,1.01E-12,0.133959,0.957032,1.60E-19,0.000616523,5.31E-05,2.34E-19,1,1.01E-12,0.930246,0.92968,1.11E-18,0.00455426,3.08E-09,0.94966,4.00E-19,4.41E-15
S413,0.72349241,9.60E-12,344.72034,33.147697,0.37746401,0.00647586,1.57E-12,0.167753,0.934492,8.40E-18,0.00923182,0.000154087,1.29E-17,1,1.57E-12,0.854419,0.939362,4.70E-17,0.0614779,2.92E-09,0.923538,7.64E-18,8.39E-14
S414,0.22849241,3.04E-14,219.72034,13.397697,0.22746401,0.00278111,5.71E-13,0.0989626,0.97597,2.44E-19,0.000673098,0.000278158,4.08E-19,1,5.71E-13,0.951789,0.969466,7.89E-19,0.0119547,1.44E-09,0.971602,1.39E-18,1.47E-15
S415,0.24396116,1.43E-10,176.75159,6.6086341,0.30715151,0.00384437,1.04E-12,0.137214,0.956565,1.24E-17,0.00698422,0.00042415,1.29E-17,1,1.04E-12,0.927197,0.94876,1.01E-16,0.0747351,1.90E-09,0.95041,1.56E-17,3.04E-14
S416,0.73896116,4.51E-13,301.75159,26.358634,0.15715151,0.00412127,2.73E-13,0.0694161,0.98842,3.37E-19,0.000587288,0.00102452,1.16E-18,1,2.73E-13,0.899284,0.98022,6.07E-19,0.00784357,1.45E-09,0.986269,1.57E-18,1.13E-15
S417,0.98646116,8.02E-12,239.25159,16.483634,0.23215151,0.00581897,5.96E-13,0.103381,0.974727,8.81E-19,0.00222509,0.00012391,1.33E-18,1,5.96E-13,0.919226,0.959974,6.43E-18,0.0170717,2.18E-09,0.970392,2.50E-18,1.07E-14
S418,0.49146116,2.54E-14,364.25159,36.233634,0.38215151,0.00518442,1.61E-12,0.166981,0.932502,4.68E-19,0.00241656,3.37E-05,5.98E-19,1,1.61E-12,0.936341,0.888086,1.87E-18,0.0227616,2.58E-09,0.920454,1.28E-18,1.77E-14
S419,0.36771116,3.38E-11,333.00159,31.296134,0.34465151,0.00466798,1.31E-12,0.153041,0.945585,1.83E-17,0.0129117,0.000289916,2.23E-17,1,1.31E-12,0.94403,0.906902,1.25E-16,0.108806,2.19E-09,0.937007,1.83E-17,7.68E-14
S420,0.86271116,1.07E-13,208.00159,11.546134,0.19465151,0.00486866,4.18E-13,0.0859947,0.98215,1.30E-19,0.000413338,0.00033961,4.35E-19,1,4.18E-13,0.922161,0.97353,1.28E-19,0.00449464,1.75E-09,0.978978,6.12E-19,1.28E-15
S421,0.61521116,6.02E-10,395.50159,21.421134,0.11965151,0.00367897,1.58E-13,0.0534459,0.99338,1.85E-18,0.001583,0.000899348,1.80E-18,1,1.58E-13,0.717787,0.990363,6.05E-18,0.018039,1.02E-09,0.992078,7.77E-18,2.01E-15
S422,0.12021116,1.90E-12,270.50159,1.6711341,0.26965151,0.00231246,8.04E-13,0.118047,0.966457,4.38E-19,0.000335084,0.00034707,2.62E-19,1,8.04E-13,0.944536,0.95575,4.91E-18,0.00572042,1.73E-09,0.960798,8.85E-19,7.56E-16
S423,0.058336162,3.91E-12,379.87659,14.014884,0.13840151,0.00119061,2.12E-13,0.0605846,0.991118,1.86E-18,0.000709498,0.00302819,1.06E-18,1,2.12E-13,0.789425,0.988861,1.09E-17,0.0261369,1.16E-09,0.989529,8.54E-18,3.50E-16
S424,0.55333616,1.24E-14,254.87659,33.764884,0.28840151,0.00476682,9.19E-13,0.12636,0.961138,2.05E-19,0.00148994,7.07E-05,5.19E-19,1,9.19E-13,0.92789,0.956292,2.19E-19,0.015852,1.94E-09,0.954205,1.18E-18,7.34E-15
S425,0.80083616,6.95E-11,317.37659,4.1398841,0.36340151,0.00687708,1.46E-12,0.163052,0.939369,2.14E-18,0.00189525,0.000204819,3.60E-18,1,1.46E-12,0.880841,0.926759,1.19E-17,0.0118671,3.13E-09,0.929632,1.88E-18,1.76E-14
S426,0.30583616,2.20E-13,192.37659,23.889884,0.21340151,0.00314058,5.04E-13,0.0932143,0.978803,7.91E-19,0.00185101,0.000279871,1.19E-18,1,5.04E-13,0.955492,0.970911,6.01E-18,0.0267112,1.51E-09,0.974984,3.90E-18,4.26E-15
S427,0.42958616,2.93E-10,223.62659,28.827384,0.17590151,0.00376933,3.42E-13,0.0784185,0.985676,7.00E-18,0.00810111,0.000392848,7.22E-18,1,3.42E-13,0.906266,0.981655,5.23E-17,0.0894558,1.49E-09,0.983386,2.52E-17,1.84E-14
S428,0.92458616,9.26E-13,348.62659,9.0773841,0.32590151,0.00655572,1.17E-12,0.144387,0.950379,3.28E-19,0.00096422,6.33E-05,4.82E-19,1,1.17E-12,0.918661,0.926122,2.40E-18,0.00670246,3.13E-09,0.941868,5.97E-19,7.62E-15
S429,0.67708616,1.65E-11,161.12659,38.702384,0.25090151,0.00516041,6.95E-13,0.111356,0.970852,7.18E-18,0.012263,0.000163128,9.33E-18,1,6.95E-13,0.931746,0.961954,6.04E-17,0.10441,2.25E-09,0.96591,1.60E-17,5.72E-14
S430,0.18208616,5.21E-14,286.12659,18.952384,0.10090151,0.00169442,1.12E-13,0.0440929,0.995274,4.34E-19,1.27E-05,0,1.06E-18,1,1.12E-13,0.978963,0.993351,2.66E-19,0.00491982,7.24E-10,0.994189,1.80E-18,2.02E-18
S431,0.15114866,2.36E-11,247.06409,22.655509,0.39152651,0.00329295,1.69E-12,0.173547,0.930096,5.84E-17,0.0188183,0.000489591,4.41E-17,1,1.69E-12,0.921617,0.905612,3.79E-16,0.237452,2.40E-09,0.919641,4.47E-17,9.01E-14
S432,0.64614866,7.46E-14,372.06409,2.9055091,0.24152651,0.00472482,6.44E-13,0.106086,0.972711,2.01E-20,9.26E-05,0.000117573,4.36E-20,1,6.44E-13,0.948181,0.963191,3.85E-20,0.000979621,1.78E-09,0.967858,9.92E-20,3.71E-16
S433,0.89364866,4.20E-10,184.56409,32.530509,0.16652651,0.00505041,3.07E-13,0.0748696,0.987132,5.68E-18,0.00859985,0.000295996,7.22E-18,1,3.07E-13,0.781845,0.980311,3.79E-17,0.0701915,1.44E-09,0.984938,2.05E-17,2.44E-14
S434,0.39864866,1.33E-12,309.56409,12.780509,0.31652651,0.00439532,1.11E-12,0.138916,0.953767,1.31E-18,0.00201112,0.000136358,1.40E-18,1,1.11E-12,0.947417,0.922437,1.24E-17,0.0185576,2.12E-09,0.945755,2.17E-18,1.03E-14
S435,0.27489866,9.95E-11,340.81409,17.718009,0.27902651,0.00380097,8.61E-13,0.124207,0.964095,9.59E-18,0.00696772,0.000392097,1.06E-17,1,8.61E-13,0.95017,0.944988,7.46E-17,0.0708493,1.73E-09,0.958751,1.48E-17,2.70E-14
S436,0.76989866,3.15E-13,215.81409,37.468009,0.12902651,0.00380908,1.84E-13,0.0570704,0.99218,6.19E-19,0.000523713,0.00501568,2.78E-18,1,1.84E-13,0.829927,0.987674,5.49E-19,0.0103383,1.14E-09,0.990616,2.64E-18,5.55E-16
S437,0.52239866,5.60E-12,278.31409,7.8430091,0.20402651,0.00407408,4.60E-13,0.0899873,0.980668,4.06E-19,0.000765749,0.000247409,5.45E-19,1,4.60E-13,0.930062,0.977328,2.95E-18,0.008197,1.69E-09,0.977284,1.46E-18,2.20E-15
S438,0.027398662,1.77E-14,153.31409,27.593009,0.11174135,0.000694809,1.38E-13,0.0485427,0.994198,3.73E-18,0.000303993,0,3.39E-18,1,1.38E-13,0.55206,0.99271,6.68E-18,0.0487602,9.61E-10,0.992995,1.62E-17,3.98E-17
S439,0.089273662,8.62E-10,293.93909,39.936759,0.22277651,0.00245641,5.49E-13,0.0996496,0.977104,7.50E-17,0.0334415,0.000904159,6.14E-17,1,5.49E-13,0.819997,0.971856,7.11E-16,0.589718,1.87E-09,0.974357,1.62E-16,6.79E-14
S440,0.58427366,2.73E-12,168.93909,20.186759,0.37277651,0.0057472,1.54E-12,0.16468,0.93601,6.65E-18,0.00863998,0.000130197,8.94E-18,1,1.54E-12,0.901823,0.927922,5.74E-17,0.0633908,2.48E-09,0.925083,6.97E-18,6.87E-14
S441,0.83177366,4.85E-11,356.43909,30.061759,0.29777651,0.00627265,9.80E-13,0.133197,0.959028,5.74E-18,0.00750678,0.000175409,9.04E-18,1,9.80E-13,0.928049,0.942217,3.56E-17,0.0517434,2.79E-09,0.952317,7.69E-18,5.15E-14
S442,0.33677366,1.53E-13,231.43909,10.311759,0.14777651,0.00274801,2.41E-13,0.0647074,0.989829,2.25E-19,0.000235872,0.00228079,6.13E-19,1,2.41E-13,0.968969,0.98607,4.10E-19,0.00489024,1.05E-09,0.987886,1.10E-18,2.69E-16
S443,0.46052366,1.15E-11,200.18909,5.3742591,0.35812807,0.00515586,1.42E-12,0.158506,0.941272,3.38E-18,0.0027883,0.000206558,3.93E-18,1,1.42E-12,0.783936,0.929305,2.34E-17,0.023575,3.04E-09,0.931555,3.20E-18,1.90E-14
S444,0.95552366,3.64E-14,325.18909,25.124259,0.26027651,0.00586389,7.49E-13,0.115142,0.967983,1.19E-19,0.000794385,7.20E-05,3.10E-19,1,7.49E-13,0.941096,0.952756,9.83E-20,0.00692363,2.53E-09,0.962415,5.94E-19,4.31E-15
S445,0.70802366,2.04E-10,262.68909,15.249259,0.33527651,0.00643853,1.24E-12,0.150937,0.948385,1.19E-17,0.0101006,0.000247541,2.00E-17,1,1.24E-12,0.897669,0.939015,7.51E-17,0.0674205,2.88E-09,0.940451,1.22E-17,8.07E-14
S446,0.21302366,6.46E-13,387.68909,34.999259,0.18527651,0.00248531,3.79E-13,0.0808171,0.984085,9.96E-19,0.00144145,0.000636886,1.39E-18,1,3.79E-13,0.962473,0.978181,8.46E-18,0.0238125,1.26E-09,0.981206,4.98E-18,2.18E-15
S447,0.22075804,6.58E-10,272.45472,19.878165,0.15949526,0.00281256,2.81E-13,0.0712597,0.988171,8.02E-18,0.00591607,0.000645559,5.84E-18,1,2.81E-13,0.80871,0.984854,5.79E-17,0.0863238,1.34E-09,0.986459,2.91E-17,9.05E-15
S448,0.71575804,2.08E-12,397.45472,39.628165,0.30949526,0.00573147,1.06E-12,0.136884,0.955491,2.07E-18,0.00442507,9.65E-05,2.79E-18,1,1.06E-12,0.885762,0.949993,1.62E-17,0.0333492,2.50E-09,0.947817,3.60E-18,2.89E-14
S449,0.96325804,3.70E-11,209.95472,10.003165,0.38449526,0.00757332,1.63E-12,0.172494,0.932002,6.66E-18,0.00616367,0.00016299,1.09E-17,1,1.63E-12,0.895061,0.91274,3.55E-17,0.0361725,3.44E-09,0.920931,5.26E-18,6.69E-14
S450,0.46825804,1.17E-13,334.95472,29.753165,0.23449526,0.0040102,6.07E-13,0.102652,0.974379,3.41E-19,0.00121674,0.000155586,6.22E-19,1,6.07E-13,0.957857,0.958881,1.22E-18,0.0147046,1.68E-09,0.969787,1.66E-18,4.00E-15
S451,0.34450804,8.78E-12,366.20472,24.815665,0.19699526,0.00332474,4.28E-13,0.0866622,0.982045,1.54E-18,0.002175,0.000341371,1.67E-18,1,4.28E-13,0.961132,0.974111,1.11E-17,0.0266466,1.37E-09,0.978927,5.59E-18,4.90E-15
S452,0.83950804,2.78E-14,241.20472,5.0656653,0.34699526,0.00635218,1.33E-12,0.152814,0.943692,4.68E-20,0.000372072,2.54E-05,7.69E-20,1,1.33E-12,0.929137,0.922478,9.47E-20,0.00294413,2.46E-09,0.933849,1.73E-19,3.03E-15
S453,0.59200804,1.56E-10,303.70472,34.690665,0.27199526,0.00530909,8.17E-13,0.121636,0.965929,1.18E-17,0.0129979,0.000257227,1.76E-17,1,8.17E-13,0.919018,0.958773,8.63E-17,0.103035,2.35E-09,0.960601,1.94E-17,6.84E-14
S454,0.097008037,4.94E-13,178.70472,14.940665,0.12199526,0.00138294,1.65E-13,0.0531732,0.993075,1.55E-18,0.000492362,0,1.99E-18,1,1.65E-13,0.977687,0.989388,5.41E-18,0.0201312,8.13E-10,0.991697,7.15E-18,1.95E-16
S455,0.035133037,1.80E-11,288.07972,2.5969153,0.29074526,0.00143965,9.33E-13,0.128978,0.961005,5.93E-18,0.00148249,0.00112467,2.56E-18,1,9.33E-13,0.896593,0.959269,5.89E-17,0.0454483,2.43E-09,0.955592,8.50E-18,2.28E-15
S456,0.53013304,5.70E-14,163.07972,22.346915,0.14074526,0.00331297,2.18E-13,0.0618559,0.990754,4.02E-19,0.000380201,0.00403748,1.78E-18,1,2.18E-13,0.951476,0.98678,2.07E-19,0.00836589,1.30E-09,0.988949,1.82E-18,4.40E-16
S457,0.77763304,3.20E-10,350.57972,12.471915,0.21574526,0.0054054,5.14E-13,0.0969285,0.978474,1.82E-18,0.00286696,0.000244771,2.91E-18,1,5.14E-13,0.889804,0.969017,1.34E-17,0.0218349,1.88E-09,0.975019,4.93E-18,1.19E-14
S458,0.28263304,1.01E-12,225.57972,32.221915,0.36574526,0.00400432,1.48E-12,0.160136,0.938616,9.13E-18,0.00943711,0.000173029,8.83E-18,1,1.48E-12,0.929534,0.914112,9.52E-17,0.0944844,2.29E-09,0.928057,1.07E-17,5.11E-14
S459,0.40638304,7.60E-11,194.32972,37.159415,0.32824526,0.00486719,1.19E-12,0.146338,0.950581,4.23E-17,0.0289702,0.000292375,4.99E-17,1,1.19E-12,0.836746,0.940344,3.00E-16,0.258774,2.78E-09,0.942997,4.44E-17,1.71E-13
S460,0.90138304,2.40E-13,319.32972,17.409415,0.17824526,0.00476548,3.50E-13,0.0787338,0.985055,1.53E-19,0.000403403,0.00046541,5.05E-19,1,3.50E-13,0.886241,0.973909,1.97E-19,0.00450631,1.65E-09,0.982374,7.11E-19,1.09E-15
S461,0.65388304,4.27E-12,256.82972,27.284415,0.10324526,0.00322155,1.18E-13,0.0456001,0.995034,8.53E-19,0.000339497,0,2.39E-18,1,1.18E-13,0.787439,0.991965,1.48E-18,0.00852158,9.12E-10,0.993911,3.44E-18,1.81E-16
S462,0.15888304,1.35E-14,381.82972,7.5344153,0.25324526,0.0024453,7.09E-13,0.109898,0.970212,8.21E-20,0.000244267,0.000173802,9.27E-20,1,7.09E-13,0.948587,0.960619,2.64E-19,0.00489963,1.60E-09,0.964801,4.74E-19,5.33E-16
S463,0.18982054,6.12E-12,155.26722,33.45629,0.24387026,0.00278951,6.58E-13,0.107218,0.972533,1.18E-17,0.0115608,0.000323808,9.11E-18,1,6.58E-13,0.94914,0.963598,1.42E-16,0.167454,1.63E-09,0.967944,2.95E-17,2.81E-14
S464,0.68482054,1.94E-14,280.26722,13.70629,0.39387026,0.00614731,1.71E-12,0.172798,0.928073,1.54E-19,0.00107347,2.37E-05,2.29E-19,1,1.71E-12,0.908301,0.911691,4.49E-19,0.00869446,2.72E-09,0.915379,4.40E-19,9.65E-15
S465,0.93232054,1.09E-10,217.76722,23.58129,0.31887026,0.00693411,1.12E-12,0.14341,0.953077,1.21E-17,0.0131771,0.000186534,2.01E-17,1,1.12E-12,0.922716,0.931285,7.75E-17,0.0833749,3.06E-09,0.945537,1.33E-17,1.08E-13
S466,0.43732054,3.44E-13,342.76722,3.8312903,0.16887026,0.00333271,3.15E-13,0.0740468,0.986683,5.59E-20,9.82E-05,0,1.51E-19,1,3.15E-13,0.965925,0.980875,1.78E-19,0.00147043,1.22E-09,0.98421,2.85E-19,1.71E-16
S467,0.31357054,4.59E-10,311.51722,8.7687903,0.13137026,0.00287759,1.90E-13,0.0584038,0.992026,1.65E-18,0.00118301,0.000883246,1.22E-18,1,1.90E-13,0.777864,0.989326,7.49E-18,0.0171248,1.10E-09,0.99065,6.70E-18,1.38E-15
S468,0.80857054,1.45E-12,186.51722,28.51879,0.28137026,0.00575387,8.74E-13,0.124429,0.963098,1.84E-18,0.00494812,8.58E-05,2.51E-18,1,8.74E-13,0.929971,0.949499,1.61E-17,0.0386844,2.61E-09,0.956744,4.21E-18,2.92E-14
S469,0.56107054,2.58E-11,374.01722,18.64379,0.35637026,0.00570616,1.40E-12,0.158523,0.94174,6.86E-18,0.00598426,0.000217035,9.79E-18,1,1.40E-12,0.904578,0.937885,4.23E-17,0.0419353,2.32E-09,0.932224,6.50E-18,4.51E-14
S470,0.066070537,8.17E-14,249.01722,38.39379,0.20637026,0.00145798,4.70E-13,0.0895967,0.980283,2.42E-18,0.00248269,0.000748389,1.91E-18,1,4.70E-13,0.881822,0.97714,2.93E-17,0.0752258,1.77E-09,0.976725,1.22E-17,2.55E-15
S471,0.12794554,2.24E-10,389.64222,26.05004,0.37512026,0.00332918,1.55E-12,0.168844,0.935407,7.98E-17,0.0259124,0.000685113,8.28E-17,1,1.55E-12,0.926355,0.911515,5.56E-16,0.32167,2.29E-09,0.927468,7.54E-17,1.21E-13
S472,0.62294554,7.07E-13,264.64222,6.3000403,0.22512026,0.00454269,5.59E-13,0.0989599,0.976355,1.40E-19,0.000439575,0.000155565,2.43E-19,1,5.59E-13,0.949622,0.967848,1.06E-18,0.00435511,1.80E-09,0.972163,5.97E-19,1.56E-15
S473,0.87044554,1.26E-11,327.14222,35.92504,0.15012026,0.00445931,2.49E-13,0.0667565,0.98946,9.95E-19,0.00159935,0.000669457,2.23E-18,1,2.49E-13,0.823943,0.983292,3.81E-18,0.0169787,1.31E-09,0.987517,4.31E-18,3.32E-15
S474,0.37544554,3.98E-14,202.14222,16.17504,0.30012026,0.00405271,9.95E-13,0.130973,0.958185,3.43E-19,0.00145979,6.74E-05,4.35E-19,1,9.95E-13,0.939244,0.943771,1.48E-18,0.0175162,1.99E-09,0.950681,1.38E-18,6.45E-15
S475,0.49919554,5.30E-11,233.39222,11.23754,0.26262026,0.00471476,7.63E-13,0.116782,0.968161,3.65E-18,0.00401854,0.000239235,4.32E-18,1,7.63E-13,0.903801,0.972125,2.99E-17,0.0345684,1.95E-09,0.962991,6.36E-18,1.81E-14
S476,0.99419554,1.68E-13,358.39222,30.98754,0.11262026,0.00398435,1.40E-13,0.0500141,0.994006,2.27E-19,9.09E-05,0,1.15E-18,1,1.40E-13,0.72771,0.989469,9.22E-20,0.0030072,1.03E-09,0.992737,8.64E-19,5.39E-17
S477,0.74669554,9.43E-10,170.89222,1.3625403,0.18762026,0.00511968,3.88E-13,0.0845887,0.983747,5.06E-19,0.000665577,0.000288987,6.45E-19,1,3.88E-13,0.808241,0.976339,3.74E-18,0.00542377,1.60E-09,0.981215,1.51E-18,2.23E-15
S478,0.25169554,2.98E-12,295.89222,21.11254,0.33762026,0.00369901,1.26E-12,0.148225,0.947705,6.28E-18,0.00552103,0.000236151,5.99E-18,1,1.26E-12,0.929785,0.930275,5.50E-17,0.0604692,2.26E-09,0.938903,7.86E-18,2.54E-14
S479,0.23622679,3.09E-11,346.67347,37.776603,0.12668276,0.00229974,1.78E-13,0.0558613,0.992553,3.29E-18,0.00203888,0.00192035,3.26E-18,1,1.78E-13,0.946413,0.991006,1.34E-17,0.0392531,1.07E-09,0.991142,1.46E-17,1.70E-15
S480,0.73122679,9.78E-14,221.67347,18.026603,0.27668276,0.00535865,8.46E-13,0.121829,0.96413,2.49E-19,0.00131779,6.02E-05,4.25E-19,1,8.46E-13,0.94449,0.949086,7.45E-19,0.0121054,1.99E-09,0.957816,1.04E-18,7.06E-15
S481,0.97872679,5.50E-10,284.17347,27.901603,0.35168276,0.00776406,1.37E-12,0.15991,0.943327,2.52E-17,0.0220877,0.000235662,5.27E-17,1,1.37E-12,0.916582,0.920465,1.44E-16,0.125227,3.33E-09,0.934807,2.40E-17,2.24E-13
S482,0.48372679,1.74E-12,159.17347,8.1516028,0.20168276,0.00385161,4.49E-13,0.088534,0.981112,4.75E-19,0.0010194,0.000274548,7.42E-19,1,4.49E-13,0.929249,0.982266,4.60E-18,0.0113306,1.51E-09,0.977756,2.01E-18,2.70E-15
S483,0.35997679,1.30E-10,252.92347,3.2141028,0.23918276,0.00398236,6.32E-13,0.106423,0.973611,1.19E-18,0.0012518,0.000336634,1.44E-18,1,6.32E-13,0.931404,0.973848,1.09E-17,0.0123221,1.58E-09,0.969553,2.73E-18,4.29E-15
S484,0.85497679,4.12E-13,377.92347,22.964103,0.38918276,0.00687145,1.67E-12,0.171925,0.929674,9.77E-19,0.00264197,5.94E-05,1.56E-18,1,1.67E-12,0.869618,0.919258,6.98E-18,0.0174792,3.31E-09,0.91754,1.32E-18,2.63E-14
S485,0.60747679,7.33E-12,190.42347,13.089103,0.31418276,0.00543526,1.09E-12,0.139101,0.954421,3.43E-18,0.00455214,0.000148526,4.25E-18,1,1.09E-12,0.892244,0.959594,2.57E-17,0.0356613,2.23E-09,0.946709,4.62E-18,2.86E-14
S486,0.11247679,2.32E-14,315.42347,32.839103,0.16418276,0.00168402,2.98E-13,0.0714825,0.987498,6.80E-19,0.000594242,0.00248985,1.24E-18,1,2.98E-13,0.967098,0.983107,1.12E-18,0.0195292,1.03E-09,0.985141,3.68E-18,4.99E-16
S487,0.050601787,2.68E-10,206.04847,20.495353,0.25793276,0.0018981,7.35E-13,0.1156,0.969242,9.51E-17,0.0269234,0.00107728,5.28E-17,1,7.35E-13,0.908923,0.967904,9.34E-16,0.633324,2.13E-09,0.965661,1.57E-16,4.90E-14
S488,0.54560179,8.47E-13,331.04847,0.74535285,0.3718976,0.0054916,1.53E-12,0.16353,0.936283,6.88E-20,0.00012249,0.000100539,9.32E-20,1,1.53E-12,0.928301,0.906571,6.05E-19,0.000922705,2.38E-09,0.925248,8.84E-20,9.27E-16
S489,0.79310179,1.51E-11,268.54847,30.370353,0.18293276,0.00472229,3.70E-13,0.0812148,0.984405,1.38E-18,0.00280083,0.000284326,2.32E-18,1,3.70E-13,0.899756,0.977285,7.76E-18,0.0266831,1.61E-09,0.981655,5.43E-18,8.16E-15
S490,0.29810179,4.76E-14,393.54847,10.620353,0.33293276,0.00382455,1.22E-12,0.145056,0.948743,2.09E-19,0.000672951,6.75E-05,2.12E-19,1,1.22E-12,0.926703,0.935796,1.22E-18,0.008256,2.21E-09,0.93958,6.09E-19,3.14E-15
S491,0.42185179,3.57E-12,299.79847,15.557853,0.37043276,0.00494211,1.52E-12,0.163203,0.937086,4.35E-18,0.00434821,0.000178918,5.27E-18,1,1.52E-12,0.774179,0.93037,3.00E-17,0.0384626,3.15E-09,0.926421,4.40E-18,2.95E-14
S492,0.91685179,1.13E-14,174.79847,35.307853,0.22043276,0.00529009,5.37E-13,0.0974764,0.977012,2.37E-19,0.00108263,0.000273147,1.15E-18,1,5.37E-13,0.921166,0.967254,5.85E-20,0.0109408,2.08E-09,0.972939,1.17E-18,4.21E-15
S493,0.66935179,6.35E-11,362.29847,5.6828528,0.14543276,0.00399454,2.34E-13,0.0646101,0.990182,2.82E-19,0.000363188,0.000673388,4.39E-19,1,2.34E-13,0.842093,0.984611,1.22E-18,0.00399097,1.27E-09,0.988384,1.21E-18,6.53E-16
S494,0.17435179,2.01E-13,237.29847,25.432853,0.29543276,0.00281029,9.64E-13,0.128625,0.959679,2.17E-18,0.00351786,0.000157572,1.67E-18,1,9.64E-13,0.939367,0.946121,3.22E-17,0.0510107,1.97E-09,0.952575,5.67E-18,1.06E-14
S495,0.14341429,9.10E-11,323.23597,14.323478,0.21105776,0.00245428,4.92E-13,0.0936398,0.979399,5.52E-18,0.00406861,0.000587284,4.39E-18,1,4.92E-13,0.952067,0.974916,5.50E-17,0.0638435,1.34E-09,0.976391,1.62E-17,7.48E-15
S496,0.63841429,2.88E-13,198.23597,34.073478,0.36105776,0.00577701,1.44E-12,0.158761,0.939636,2.43E-18,0.00642582,6.51E-05,3.23E-18,1,1.44E-12,0.924708,0.91616,2.06E-17,0.0498703,2.61E-09,0.929103,3.99E-18,4.96E-14
S497,0.88591429,5.12E-12,385.73597,4.4484778,0.28605776,0.0061239,9.05E-13,0.127074,0.961837,2.39E-19,0.000518866,0.000101243,3.37E-19,1,9.05E-13,0.931398,0.942943,1.64E-18,0.00377731,2.80E-09,0.955334,4.43E-19,3.33E-15
S498,0.39091429,1.62E-14,260.73597,24.198478,0.13605776,0.00281089,2.05E-13,0.0596304,0.99135,2.38E-19,0.000152908,0,1.13E-18,1,2.05E-13,0.974487,0.986428,6.04E-20,0.0049727,1.02E-09,0.989623,1.11E-18,1.21E-16
S499,0.26716429,2.16E-11,166.98597,29.135978,0.17355776,0.00282002,3.33E-13,0.0764336,0.98607,5.73E-18,0.00590006,0.000549018,5.29E-18,1,3.33E-13,0.965698,0.980227,5.00E-17,0.0830025,1.18E-09,0.983669,2.25E-17,9.64E-15
S500,0.76216429,6.82E-14,291.98597,9.3859778,0.32355776,0.00588758,1.16E-12,0.142398,0.951089,1.08E-19,0.000640618,3.78E-05,1.70E-19,1,1.16E-12,0.887672,0.949531,3.43E-19,0.00537331,2.51E-09,0.942523,3.70E-19,4.49E-15
S501,0.51466429,3.84E-10,229.48597,39.010978,0.39855776,0.00630185,1.75E-12,0.180152,0.927603,1.01E-16,0.0549569,0.000315222,1.61E-16,1,1.75E-12,0.834559,0.925157,5.82E-16,0.387656,3.36E-09,0.917346,8.19E-17,5.12E-13
S502,0.019664287,1.21E-12,354.48597,19.260978,0.24855776,0.000927755,6.82E-13,0.108862,0.971496,1.18E-17,0.00363711,0.00107908,3.24E-18,1,6.82E-13,0.903734,0.969238,1.58E-16,0.166316,2.08E-09,0.966921,2.81E-17,3.00E-15
S503,0.081539287,1.05E-11,213.86097,6.9172278,0.11525697,0.00129706,1.47E-13,0.050467,0.993848,1.64E-18,0.000464628,0,1.04E-18,1,1.47E-13,0.93118,0.992703,6.92E-18,0.017289,9.65E-10,0.992641,7.23E-18,1.77E-16
S504,0.57653929,3.32E-14,338.86097,26.667228,0.19230776,0.00399246,4.09E-13,0.0843422,0.982621,1.63E-19,0.000466564,0.000532912,6.03E-19,1,4.09E-13,0.961197,0.973623,9.64E-20,0.00634965,1.54E-09,0.979422,8.63E-19,1.13E-15
S505,0.82403929,1.87E-10,151.36097,16.792228,0.11730776,0.00400954,1.52E-13,0.052431,0.993605,2.27E-18,0.00196397,0.0012081,3.06E-18,1,1.52E-13,0.720943,0.989472,7.89E-18,0.0222272,1.03E-09,0.992316,9.07E-18,2.53E-15
S506,0.32903929,5.91E-13,276.36097,36.542228,0.26730776,0.00366083,7.89E-13,0.116914,0.96692,1.82E-18,0.00395899,0.00014324,2.00E-18,1,7.89E-13,0.9361,0.961585,2.26E-17,0.0442498,1.82E-09,0.96109,5.54E-18,1.40E-14
S507,0.45278929,7.88E-10,370.11097,31.604728,0.30480776,0.00538061,1.03E-12,0.137856,0.957275,2.62E-17,0.0212192,0.000370254,4.75E-17,1,1.03E-12,0.907452,0.951595,1.84E-16,0.169215,2.59E-09,0.95156,3.61E-17,1.28E-13
S508,0.94778929,2.49E-12,245.11097,11.854728,0.15480776,0.00461741,2.64E-13,0.0686178,0.988773,2.62E-19,0.000468374,0.00075216,7.70E-19,1,2.64E-13,0.818266,0.979298,9.75E-19,0.00501253,1.44E-09,0.986726,1.13E-18,1.02E-15
S509,0.70028929,4.43E-11,307.61097,21.729728,0.22980776,0.00509322,5.84E-13,0.102298,0.975527,2.21E-18,0.0038941,0.000198892,3.23E-18,1,5.84E-13,0.947372,0.964706,1.72E-17,0.0329472,2.22E-09,0.97141,5.84E-18,1.62E-14
S510,0.20528929,1.40E-13,182.61097,1.9797278,0.37980776,0.003438,1.59E-12,0.16545,0.933767,3.88E-19,0.000506659,0.000135063,3.30E-19,1,1.59E-12,0.92384,0.910252,5.13E-18,0.0061258,2.47E-09,0.92212,5.47E-19,2.45E-15
S511,0.20432249,7.79E-10,335.19886,7.4186927,0.32619447,0.0040923,1.18E-12,0.147563,0.95098,1.78E-17,0.00830898,0.00056325,2.33E-17,1,1.18E-12,0.899765,0.954315,1.30E-16,0.0852913,2.19E-09,0.945189,2.10E-17,4.14E-14
S512,0.69932249,2.46E-12,210.19886,27.168693,0.17619447,0.00429939,3.43E-13,0.0778426,0.985479,8.96E-19,0.00188335,0.000415731,1.94E-18,1,3.43E-13,0.936301,0.978144,5.42E-18,0.0201947,1.62E-09,0.98285,4.01E-18,4.68E-15
S513,0.94682249,4.38E-11,397.69886,17.293693,0.10119447,0.00384876,1.12E-13,0.0449922,0.995251,4.96E-19,0.000276054,0,1.11E-18,1,1.12E-13,0.681494,0.991996,7.59E-19,0.00461751,9.00E-10,0.994166,1.95E-18,2.11E-16
S514,0.45182249,1.39E-13,272.69886,37.043693,0.25119447,0.00408582,6.97E-13,0.110021,0.970629,6.41E-19,0.00226592,0.00011602,9.60E-19,1,6.97E-13,0.947779,0.957874,3.27E-18,0.026335,1.87E-09,0.965393,2.78E-18,8.27E-15
S515,0.32807249,1.04E-11,178.94886,32.106193,0.28869447,0.00394959,9.20E-13,0.127307,0.961609,1.39E-17,0.0131839,0.000233499,1.28E-17,1,9.21E-13,0.935679,0.951666,1.26E-16,0.133666,1.81E-09,0.95524,2.14E-17,5.48E-14
S516,0.82307249,3.29E-14,303.94886,12.356193,0.13869447,0.00402971,2.13E-13,0.0613097,0.990923,7.55E-20,7.37E-05,0,4.43E-19,1,2.13E-13,0.841043,0.983462,1.83E-20,0.00153634,1.28E-09,0.989148,3.25E-19,8.81E-17
S517,0.57557249,1.85E-10,241.44886,22.231193,0.21369447,0.00465379,5.04E-13,0.0953921,0.978925,4.88E-18,0.00687935,0.000277092,6.71E-18,1,5.04E-13,0.940249,0.973284,4.17E-17,0.061855,1.91E-09,0.975545,1.38E-17,2.42E-14
S518,0.080572491,5.84E-13,366.44886,2.4811927,0.10969057,0.00120694,1.33E-13,0.0479378,0.994398,1.48E-19,2.97E-05,0,1.65E-19,1,1.33E-13,0.971799,0.993906,3.10E-19,0.00167056,7.41E-10,0.993228,6.66E-19,7.95E-18
S519,0.018697491,2.13E-11,225.82386,14.824943,0.19494447,0.000884453,4.19E-13,0.0863021,0.982384,2.52E-17,0.00616828,0.00173163,6.49E-18,1,4.19E-13,0.927646,0.981379,3.11E-16,0.302638,1.63E-09,0.97995,7.64E-17,3.75E-15
S520,0.51369749,6.75E-14,350.82386,34.574943,0.34494447,0.00505697,1.31E-12,0.150909,0.944914,6.27E-19,0.00248243,4.80E-05,7.65E-19,1,1.31E-12,0.947138,0.895636,2.85E-18,0.0235567,2.52E-09,0.93518,1.60E-18,1.59E-14
S521,0.76119749,3.79E-10,163.32386,4.9499427,0.26994447,0.00604338,8.05E-13,0.121671,0.966405,3.74E-18,0.0040123,0.000241682,5.78E-18,1,8.05E-13,0.927231,0.956205,2.82E-17,0.0288318,2.46E-09,0.961248,5.83E-18,2.39E-14
S522,0.26619749,1.20E-12,288.32386,24.699943,0.11994447,0.00225069,1.59E-13,0.0524809,0.993333,9.20E-19,0.000455017,0.00658007,1.89E-18,1,1.59E-13,0.976924,0.990045,2.44E-18,0.0119016,8.57E-10,0.991971,4.22E-18,2.88E-16
S523,0.38994749,9.00E-11,382.07386,29.637443,0.15744447,0.00329696,2.74E-13,0.0697768,0.98854,2.53E-18,0.00282653,0.000566834,2.71E-18,1,2.74E-13,0.930723,0.98541,1.49E-17,0.0354028,1.34E-09,0.986566,1.05E-17,4.79E-15
S524,0.88494749,2.84E-13,257.07386,9.8874427,0.30744447,0.00619522,1.04E-12,0.13586,0.955752,2.25E-19,0.000953746,5.09E-05,3.40E-19,1,1.04E-12,0.917251,0.938416,1.13E-18,0.0074027,2.93E-09,0.948097,5.96E-19,6.68E-15
S525,0.63744749,5.06E-12,319.57386,39.512443,0.38244447,0.00610085,1.62E-12,0.169411,0.932758,9.33E-18,0.0107097,0.000145993,1.36E-17,1,1.62E-12,0.873264,0.93862,5.71E-17,0.0751397,2.73E-09,0.921376,8.75E-18,9.28E-14
S526,0.14244749,1.60E-14,194.57386,19.762443,0.23244447,0.00222692,5.98E-13,0.100881,0.974876,4.75E-19,0.00112994,0.00031505,6.37E-19,1,5.98E-13,0.953653,0.966053,1.68E-18,0.0250342,1.44E-09,0.970276,2.80E-18,2.02E-15
S527,0.17338499,3.53E-12,343.01136,20.996818,0.26056947,0.00273276,7.50E-13,0.114278,0.968673,3.53E-18,0.00330589,0.000309947,2.63E-18,1,7.50E-13,0.947327,0.957603,3.52E-17,0.0473972,1.70E-09,0.963416,7.69E-18,8.48E-15
S528,0.66838499,1.12E-14,218.01136,1.2468177,0.11056947,0.00327819,1.35E-13,0.048792,0.994271,9.96E-21,0,0,6.15E-20,1,1.35E-13,0.833553,0.990175,1.72E-21,0.000136435,9.98E-10,0.993014,3.92E-20,1.49E-20
S529,0.91588499,6.28E-11,280.51136,30.871818,0.18556947,0.00516875,3.80E-13,0.0827833,0.983992,2.04E-18,0.00394288,0.00024645,3.18E-18,1,3.80E-13,0.855405,0.973755,1.24E-17,0.033044,1.65E-09,0.981223,7.29E-18,1.29E-14
S530,0.42088499,1.99E-13,155.51136,11.121818,0.33556947,0.00456849,1.24E-12,0.146829,0.947871,9.58E-19,0.00237073,7.73E-05,1.03E-18,1,1.24E-12,0.930434,0.932586,1.03E-17,0.022514,2.02E-09,0.93868,1.99E-18,1.34E-14
S531,0.29713499,2.65E-10,249.26136,16.059318,0.37306947,0.00475944,1.54E-12,0.167795,0.93625,4.32E-17,0.0196897,0.000419899,5.45E-17,1,1.54E-12,0.84261,0.931537,2.71E-16,0.18391,3.14E-09,0.927606,3.84E-17,1.30E-13
S532,0.79213499,8.37E-13,374.26136,35.809318,0.22306947,0.00506127,5.50E-13,0.0985141,0.976686,4.97E-19,0.00168997,0.000137307,9.17E-19,1,5.50E-13,0.949463,0.965079,2.94E-18,0.0156155,2.20E-09,0.972571,2.05E-18,6.68E-15
S533,0.54463499,1.49E-11,186.76136,6.1843177,0.14806947,0.00358414,2.41E-13,0.0653613,0.989855,4.67E-19,0.000564477,0.000877325,8.07E-19,1,2.41E-13,0.916359,0.985286,2.10E-18,0.00738124,1.29E-09,0.987985,2.01E-18,9.20E-16
S534,0.049634991,4.71E-14,311.76136,25.934318,0.29806947,0.0015127,9.80E-13,0.129229,0.959086,3.11E-18,0.00265728,0.000296595,1.29E-18,1,9.80E-13,0.938043,0.947003,5.17E-17,0.0688826,1.83E-09,0.951884,7.79E-18,4.35E-15
S535,0.11150999,1.29E-10,202.38636,38.278068,0.12931947,0.00172253,1.85E-13,0.0572337,0.992218,1.74E-17,0.00730162,0.00154273,7.69E-18,1,1.85E-13,0.815054,0.990157,1.02E-16,0.18011,1.08E-09,0.990881,7.11E-17,4.99E-15
S536,0.60650999,4.08E-13,327.38636,18.528068,0.27931947,0.00497361,8.61E-13,0.122764,0.963656,4.23E-19,0.00141802,7.86E-05,5.61E-19,1,8.61E-13,0.900106,0.968558,3.35E-18,0.0127936,2.08E-09,0.957264,1.30E-18,7.14E-15
S537,0.85400999,7.25E-12,264.88636,28.403068,0.35431947,0.0067287,1.39E-12,0.157624,0.941966,5.76E-18,0.00807389,0.000123382,8.82E-18,1,1.39E-12,0.889091,0.924137,3.42E-17,0.0534881,3.18E-09,0.93221,6.05E-18,7.15E-14
S538,0.35900999,2.29E-14,389.88636,8.6530677,0.20431947,0.00327664,4.61E-13,0.0891306,0.980562,5.58E-20,0.000158176,0.00043456,1.51E-19,1,4.61E-13,0.959314,0.972176,5.37E-20,0.00252854,1.44E-09,0.976978,3.23E-19,3.49E-16
S539,0.48275999,3.06E-11,296.13636,3.7155677,0.24181947,0.00439994,6.46E-13,0.107179,0.972972,5.33E-19,0.000777125,0.000226227,6.70E-19,1,6.46E-13,0.912161,0.975894,4.68E-18,0.00712832,1.78E-09,0.968488,1.30E-18,2.96E-15
S540,0.97775999,9.67E-14,171.13636,23.465568,0.39181947,0.00727036,1.70E-12,0.173115,0.928331,8.17E-19,0.00403189,2.98E-05,1.28E-18,1,1.70E-12,0.884749,0.925005,3.36E-18,0.0273801,3.15E-09,0.916015,1.58E-18,4.29E-14
S541,0.73025999,5.44E-10,358.63636,13.590568,0.31681947,0.00653337,1.11E-12,0.143382,0.953885,7.69E-18,0.00771749,0.000277608,1.63E-17,1,1.11E-12,0.922395,0.938824,5.13E-17,0.0509247,2.90E-09,0.947092,9.81E-18,5.89E-14
S542,0.23525999,1.72E-12,233.63636,33.340568,0.16681947,0.00250523,3.07E-13,0.0730045,0.987106,2.00E-18,0.00227954,0.000888146,2.72E-18,1,3.07E-13,0.965404,0.982417,1.36E-17,0.039167,1.15E-09,0.984754,9.41E-18,3.06E-15
S543,0.25072874,5.24E-11,159.41761,25.31713,0.36838197,0.00411921,1.50E-12,0.163875,0.937907,7.58E-17,0.0313032,0.00037806,6.66E-17,1,1.50E-12,0.829991,0.932358,4.85E-16,0.340715,3.12E-09,0.92864,6.22E-17,1.76E-13
S544,0.74572874,1.66E-13,284.41761,5.5671302,0.21838197,0.004816,5.26E-13,0.0961135,0.977662,5.68E-20,0.000220039,0.000188702,1.49E-19,1,5.26E-13,0.957961,0.964745,1.25E-19,0.00230338,1.92E-09,0.973694,2.75E-19,7.88E-16
S545,0.99322874,9.33E-10,221.91761,35.19213,0.14338197,0.00498088,2.27E-13,0.0646355,0.990481,5.18E-18,0.00676998,0.000378868,5.89E-18,1,2.27E-13,0.702765,0.985071,2.55E-17,0.0557468,1.24E-09,0.988786,1.98E-17,1.55E-14
S546,0.49822874,2.95E-12,346.91761,15.44213,0.29338197,0.00474012,9.52E-13,0.129248,0.960157,1.31E-18,0.0021577,0.000138341,1.52E-18,1,9.52E-13,0.937152,0.945312,1.09E-17,0.0184777,1.92E-09,0.953291,2.38E-18,1.10E-14
S547,0.37447874,2.21E-10,315.66761,10.50463,0.25588197,0.00427964,7.24E-13,0.11439,0.969767,4.58E-18,0.00429385,0.000355855,6.08E-18,1,7.24E-13,0.904744,0.971149,3.75E-17,0.0407048,1.90E-09,0.965301,8.76E-18,1.71E-14
S548,0.86947874,6.99E-13,190.66761,30.25463,0.10588197,0.00367144,1.24E-13,0.0469531,0.994719,6.62E-19,0.00023351,0,2.66E-18,1,1.24E-13,0.739253,0.991227,6.38E-19,0.00736181,9.48E-10,0.993541,2.55E-18,1.22E-16
S549,0.62197874,1.24E-11,378.16761,0.62963019,0.18088197,0.00420031,3.61E-13,0.0800445,0.984822,2.24E-20,4.11E-05,0,3.57E-20,1,3.61E-13,0.945685,0.98009,1.23E-19,0.000439414,1.63E-09,0.982134,9.10E-20,1.05E-16
S550,0.12697874,3.93E-14,253.16761,20.37963,0.33088197,0.00251733,1.21E-12,0.143563,0.949581,1.43E-18,0.00236378,0.000130289,9.39E-19,1,1.21E-12,0.932983,0.933154,1.71E-17,0.0407002,2.04E-09,0.940616,3.46E-18,7.21E-15
S551,0.065103741,4.54E-10,393.79261,32.72338,0.23713197,0.0021063,6.21E-13,0.10616,0.974024,5.23E-17,0.0208075,0.00104634,4.03E-17,1,6.21E-13,0.915,0.972001,5.26E-16,0.423708,1.99E-09,0.970965,1.09E-16,3.85E-14
S552,0.56010374,1.44E-12,268.79261,12.97338,0.38713197,0.00570059,1.66E-12,0.170574,0.931062,2.39E-18,0.00321502,0.000121382,3.20E-18,1,1.66E-12,0.912877,0.906122,1.92E-17,0.0235348,2.60E-09,0.919216,2.47E-18,2.63E-14
S553,0.80760374,2.55E-11,331.29261,22.84838,0.31213197,0.00627163,1.08E-12,0.139218,0.954967,4.42E-18,0.00573143,0.000157113,6.50E-18,1,1.08E-12,0.91069,0.943177,2.63E-17,0.039702,2.76E-09,0.947475,5.49E-18,4.14E-14
S554,0.31260374,8.08E-14,206.29261,3.0983802,0.16213197,0.0027617,2.90E-13,0.0708691,0.98775,6.61E-20,8.64E-05,0,1.99E-19,1,2.90E-13,0.964185,0.984112,9.84E-20,0.00177618,1.15E-09,0.985432,3.37E-19,1.15E-16
S555,0.43635374,6.06E-12,237.54261,8.0358802,0.31711244,0.00468131,1.11E-12,0.139948,0.953683,2.05E-18,0.0023902,0.000181036,2.36E-18,1,1.11E-12,0.955931,0.902749,1.63E-17,0.021251,2.20E-09,0.945858,2.81E-18,1.30E-14
S556,0.93135374,1.92E-14,362.54261,27.78588,0.27463197,0.00593936,8.33E-13,0.121317,0.964423,9.88E-20,0.000753024,5.61E-05,2.47E-19,1,8.33E-13,0.941875,0.948666,5.50E-20,0.00648909,2.16E-09,0.95825,5.02E-19,4.40E-15
S557,0.68385374,1.08E-10,175.04261,17.91088,0.34963197,0.00636195,1.35E-12,0.156821,0.943937,2.12E-17,0.0163509,0.000228552,3.08E-17,1,1.35E-12,0.868662,0.939669,1.36E-16,0.111904,2.93E-09,0.935112,1.94E-17,1.35E-13
S558,0.18885374,3.41E-13,300.04261,37.66088,0.19963197,0.00242318,4.41E-13,0.0870995,0.981491,1.31E-18,0.00207514,0.000452171,1.54E-18,1,4.41E-13,0.958804,0.97507,1.32E-17,0.0352812,1.36E-09,0.978143,6.42E-18,3.41E-15
S559,0.15791624,7.52E-11,260.98011,1.8640052,0.30275697,0.00306781,1.01E-12,0.134706,0.957791,2.56E-18,0.00122788,0.000532207,2.23E-18,1,1.01E-12,0.940221,0.942217,2.11E-17,0.016078,1.86E-09,0.951771,3.30E-18,4.20E-15
S560,0.65291624,2.38E-13,385.98011,21.614005,0.15275697,0.00381536,2.57E-13,0.0672216,0.989086,1.94E-19,0.000298335,0.00147512,7.22E-19,1,2.57E-13,0.927617,0.98385,2.29E-19,0.00458716,1.35E-09,0.987015,9.25E-19,4.89E-16
S561,0.90041624,4.23E-12,198.48011,11.739005,0.22775697,0.00549585,5.73E-13,0.101128,0.975733,5.90E-19,0.00159805,0.000133602,9.48E-19,1,5.73E-13,0.929092,0.963911,4.84E-18,0.013042,2.18E-09,0.971544,1.89E-18,7.10E-15
S562,0.40541624,1.34E-14,323.48011,31.489005,0.37775697,0.00470197,1.58E-12,0.164839,0.934171,3.74E-19,0.00207707,3.51E-05,4.78E-19,1,1.58E-12,0.928951,0.90248,1.37E-18,0.0217256,2.59E-09,0.922386,1.19E-18,1.36E-14
S563,0.28166624,1.78E-11,354.73011,36.426505,0.34025697,0.00404871,1.28E-12,0.150563,0.946918,1.79E-17,0.0125416,0.000311901,1.99E-17,1,1.28E-12,0.793855,0.940098,1.35E-16,0.131046,2.89E-09,0.938433,1.95E-17,6.37E-14
S564,0.77666624,5.64E-14,229.73011,16.676505,0.19025697,0.00456689,4.00E-13,0.0837471,0.982957,1.47E-19,0.000444,0.000449254,5.53E-19,1,4.00E-13,0.933599,0.975079,9.33E-20,0.0052721,1.81E-09,0.979868,7.28E-19,1.23E-15
S565,0.52916624,3.17E-10,292.23011,26.551505,0.34230776,0.00583931,1.29E-12,0.154177,0.94628,2.91E-17,0.0204611,0.000313386,4.75E-17,1,1.29E-12,0.860707,0.943871,1.85E-16,0.151236,2.89E-09,0.938458,2.96E-17,1.52E-13
S566,0.034166241,1.00E-12,167.23011,6.8015052,0.26525697,0.00124419,7.78E-13,0.116093,0.967522,6.94E-18,0.00253243,0.000707804,2.14E-18,1,7.78E-13,0.862605,0.963275,8.73E-17,0.0894319,2.23E-09,0.96219,1.35E-17,3.02E-15
S567,0.096041241,8.68E-12,276.60511,19.145255,0.17150697,0.00170456,3.24E-13,0.0751987,0.986435,3.59E-18,0.00237694,0.000964497,2.22E-18,1,3.24E-13,0.964915,0.981953,3.56E-17,0.0528532,1.10E-09,0.984146,1.50E-17,2.30E-15
S568,0.59104124,2.74E-14,151.60511,38.895255,0.32150697,0.00519328,1.14E-12,0.140798,0.951891,6.91E-19,0.00430927,4.09E-05,1.07E-18,1,1.14E-12,0.924948,0.942574,2.08E-18,0.0411523,2.23E-09,0.943335,2.79E-18,2.63E-14
S569,0.83854124,1.54E-10,339.10511,9.2702552,0.39650697,0.00746833,1.74E-12,0.178837,0.928138,7.34E-18,0.00574776,0.000228746,1.45E-17,1,1.74E-12,0.879559,0.913151,3.99E-17,0.0331959,3.42E-09,0.916932,5.77E-18,6.33E-14
S570,0.34354124,4.88E-13,214.10511,29.020255,0.24650697,0.00358665,6.72E-13,0.107868,0.97178,1.42E-18,0.00324326,0.000160218,1.64E-18,1,6.72E-13,0.948525,0.962253,1.61E-17,0.0378397,1.68E-09,0.966785,5.09E-18,1.02E-14
S571,0.46729124,6.51E-10,182.85511,24.082755,0.20900697,0.00441469,4.83E-13,0.0938135,0.979803,1.36E-17,0.0144416,0.000346702,1.65E-17,1,4.83E-13,0.905478,0.974778,1.11E-16,0.138553,1.77E-09,0.976848,3.57E-17,4.75E-14
S572,0.96229124,2.06E-12,307.85511,4.3327552,0.35900697,0.00704924,1.42E-12,0.159447,0.940026,3.52E-19,0.000761157,8.08E-05,5.79E-19,1,1.42E-12,0.908962,0.920899,2.55E-18,0.00484376,3.32E-09,0.929835,4.52E-19,7.17E-15
S573,0.71479124,3.66E-11,245.35511,33.957755,0.28400697,0.00569956,8.91E-13,0.126578,0.962761,8.51E-18,0.0109216,0.000180644,1.17E-17,1,8.91E-13,0.91632,0.951941,5.95E-17,0.0823867,2.51E-09,0.956597,1.27E-17,6.47E-14
S574,0.21979124,1.16E-13,370.35511,14.207755,0.13400697,0.00213177,1.98E-13,0.0584992,0.991659,2.48E-19,0.000151492,0,5.95E-19,1,1.98E-13,0.970189,0.9895,3.88E-19,0.00456495,9.30E-10,0.990023,1.20E-18,1.12E-16
S575,0.21205687,1.14E-11,259.02698,39.203849,0.22072572,0.0028287,5.39E-13,0.0971965,0.97749,7.52E-18,0.00758723,0.000362774,6.06E-18,1,5.39E-13,0.960764,0.964879,7.72E-17,0.103324,1.44E-09,0.973748,2.14E-17,1.67E-14
S576,0.70705687,3.59E-14,384.02698,19.453849,0.37072572,0.00607136,1.52E-12,0.1628,0.936138,1.88E-19,0.00114525,2.94E-05,2.81E-19,1,1.52E-12,0.924029,0.914117,6.05E-19,0.00932178,2.52E-09,0.924873,5.30E-19,9.55E-15
S577,0.95455687,2.02E-10,196.52698,29.328849,0.29572572,0.00683812,9.67E-13,0.133349,0.959614,1.58E-17,0.0184208,0.000197257,2.70E-17,1,9.67E-13,0.922007,0.944931,1.10E-16,0.117083,2.77E-09,0.953202,2.05E-17,1.37E-13
S578,0.45955687,6.39E-13,321.52698,9.5788489,0.14572572,0.00318317,2.35E-13,0.0639728,0.990091,1.75E-19,0.000207278,0.00175545,4.79E-19,1,2.35E-13,0.967178,0.986196,5.17E-19,0.00351226,1.35E-09,0.988201,8.39E-19,2.73E-16
S579,0.33580687,8.52E-10,352.77698,4.6413489,0.37101869,0.00533812,1.52E-12,0.168331,0.936946,1.09E-17,0.00545504,0.000431509,1.74E-17,1,1.52E-12,0.852681,0.93559,6.68E-17,0.0451331,3.12E-09,0.92912,1.04E-17,4.03E-14
S580,0.83080687,2.70E-12,227.77698,24.391349,0.25822572,0.00561025,7.35E-13,0.114323,0.968932,1.27E-18,0.0033977,0.000103229,1.83E-18,1,7.35E-13,0.944978,0.950576,1.07E-17,0.0273169,2.58E-09,0.963598,3.33E-18,1.78E-14
S581,0.58330687,4.79E-11,290.27698,14.516349,0.33322572,0.0056819,1.23E-12,0.148605,0.948987,7.00E-18,0.0061469,0.000226911,9.77E-18,1,1.23E-12,0.841688,0.944504,4.54E-17,0.0459776,2.82E-09,0.940768,7.20E-18,4.30E-14
S582,0.088306866,1.52E-13,165.27698,34.266349,0.18322572,0.00159394,3.71E-13,0.079659,0.984428,3.00E-18,0.00280678,0.00105916,2.87E-18,1,3.71E-13,0.917756,0.982684,3.01E-17,0.0794892,1.56E-09,0.98159,1.53E-17,2.71E-15
S583,0.026431866,9.84E-11,305.90198,21.922599,0.10207338,0.000790734,1.15E-13,0.0450898,0.995147,1.67E-17,0.00222865,0.00698709,3.33E-18,1,1.15E-13,0.576184,0.993878,7.75E-17,0.123724,8.55E-10,0.994178,6.61E-17,4.77E-16
S584,0.52143187,3.11E-13,180.90198,2.1725989,0.23947572,0.00429308,6.34E-13,0.105155,0.973235,6.62E-20,0.000214794,0.000137533,1.07E-19,1,6.34E-13,0.948879,0.962258,4.59E-19,0.0023224,1.82E-09,0.968459,2.79E-19,7.81E-16
S585,0.76893187,5.54E-12,368.40198,31.797599,0.16447572,0.00436719,2.98E-13,0.0728128,0.987389,6.93E-19,0.00129007,0.000522948,1.55E-18,1,2.98E-13,0.890081,0.979647,3.33E-18,0.0136631,1.47E-09,0.985107,3.04E-18,2.97E-15
S586,0.27393187,1.75E-14,243.40198,12.047599,0.31447572,0.00355524,1.09E-12,0.13682,0.95419,2.06E-19,0.000876119,6.75E-05,2.40E-19,1,1.09E-12,0.935372,0.936819,8.45E-19,0.0120546,2.21E-09,0.945958,8.65E-19,3.56E-15
S587,0.39768187,2.33E-11,212.15198,16.985099,0.27697572,0.00429298,8.48E-13,0.122661,0.964641,6.31E-18,0.00636596,0.000243724,6.72E-18,1,8.48E-13,0.959517,0.930213,5.36E-17,0.0593406,1.87E-09,0.958852,1.02E-17,2.76E-14
S588,0.89268187,7.38E-14,337.15198,36.735099,0.12697572,0.00402185,1.78E-13,0.0562532,0.992403,2.42E-19,0.000175708,0,1.31E-18,1,1.78E-13,0.790477,0.986023,7.63E-20,0.00411335,1.17E-09,0.990882,9.94E-19,1.73E-16
S589,0.64518187,4.15E-10,274.65198,7.1100989,0.20197572,0.00486046,4.50E-13,0.0904623,0.981175,1.46E-18,0.00208597,0.000283749,2.04E-18,1,4.50E-13,0.889396,0.974056,1.13E-17,0.0177019,1.73E-09,0.978209,4.42E-18,7.20E-15
S590,0.15018187,1.31E-12,399.65198,26.860099,0.35197572,0.0029197,1.37E-12,0.153979,0.943199,7.54E-18,0.00523225,0.000286194,5.67E-18,1,1.37E-12,0.927027,0.925752,7.00E-17,0.070872,2.26E-09,0.933627,8.89E-18,1.98E-14
S591,0.18111937,2.90E-10,173.08948,13.281974,0.15510072,0.0024356,2.66E-13,0.068945,0.988807,7.56E-18,0.00486459,0.000735601,4.51E-18,1,2.66E-13,0.871431,0.985958,5.81E-17,0.0836451,1.30E-09,0.987112,2.82E-17,6.13E-15
S592,0.67611937,9.16E-13,298.08948,33.031974,0.30510072,0.00550046,1.03E-12,0.134473,0.956705,1.46E-18,0.00394343,8.01E-05,1.94E-18,1,1.03E-12,0.886729,0.954587,1.36E-17,0.0311512,2.38E-09,0.949209,3.13E-18,2.42E-14
S593,0.92361937,1.63E-11,235.58948,3.4069739,0.38010072,0.00729653,1.60E-12,0.169879,0.933398,1.36E-18,0.00149846,0.000144668,2.24E-18,1,1.60E-12,0.890093,0.917914,7.40E-18,0.00916083,3.35E-09,0.922349,1.17E-18,1.55E-14
S594,0.42861937,5.15E-14,360.58948,23.156974,0.23010072,0.00379441,5.85E-13,0.100615,0.975291,1.87E-19,0.000701376,0.000181761,3.85E-19,1,5.85E-13,0.949134,0.968827,3.90E-19,0.00923544,1.57E-09,0.970812,1.02E-18,2.12E-15
S595,0.30486937,3.86E-12,329.33948,28.094474,0.19260072,0.00306759,4.10E-13,0.0844928,0.982807,1.44E-18,0.00217291,0.00038144,1.66E-18,1,4.10E-13,0.959634,0.97662,1.08E-17,0.0295945,1.35E-09,0.979764,6.02E-18,4.36E-15
S596,0.79986937,1.22E-14,204.33948,8.3444739,0.34260072,0.00615472,1.30E-12,0.150658,0.944967,5.49E-20,0.000581526,2.26E-05,1.02E-19,1,1.30E-12,0.927965,0.924477,6.57E-20,0.00480884,2.58E-09,0.935316,2.73E-19,4.52E-15
S597,0.55236937,6.87E-11,391.83948,37.969474,0.26760072,0.00500043,7.90E-13,0.11916,0.967017,7.20E-18,0.00872683,0.000238626,1.01E-17,1,7.90E-13,0.898613,0.963017,5.37E-17,0.0719496,2.27E-09,0.961715,1.27E-17,4.24E-14
S598,0.057369366,2.17E-13,266.83948,18.219474,0.11760072,0.001046,1.52E-13,0.0511758,0.993603,1.52E-18,0.000311928,0,1.57E-18,1,1.52E-13,0.615202,0.991926,4.36E-18,0.0197554,1.00E-09,0.992315,6.89E-18,8.61E-17
S599,0.11924437,3.34E-11,376.21448,5.8757239,0.32385072,0.00271429,1.16E-12,0.143638,0.951805,5.99E-18,0.0026478,0.000586513,5.03E-18,1,1.16E-12,0.932744,0.937434,5.12E-17,0.0385471,2.00E-09,0.944775,7.24E-18,8.57E-15
S600,0.61424437,1.06E-13,251.21448,25.625724,0.17385072,0.00393375,3.34E-13,0.0764078,0.985842,2.93E-19,0.00063432,0.000751886,1.01E-18,1,3.34E-13,0.95678,0.981113,3.07E-19,0.00890506,1.65E-09,0.983233,1.45E-18,1.34E-15
S601,0.86174437,5.95E-10,313.71448,15.750724,0.24885072,0.00618553,6.85E-13,0.112486,0.9714,4.63E-18,0.00616131,0.00024427,8.41E-18,1,6.85E-13,0.886748,0.960801,3.27E-17,0.0415547,2.17E-09,0.967003,8.96E-18,3.44E-14
S602,0.36674437,1.88E-12,188.71448,35.500724,0.39885072,0.00476687,1.76E-12,0.175318,0.927222,1.81E-17,0.0160109,0.000174815,1.97E-17,1,1.76E-12,0.898909,0.920421,1.48E-16,0.138674,2.48E-09,0.914788,1.64E-17,1.13E-13
S603,0.49049437,1.41E-10,219.96448,30.563224,0.36135072,0.00565321,1.44E-12,0.161934,0.940299,4.49E-17,0.0283444,0.00029058,6.24E-17,1,1.44E-12,0.824842,0.931345,2.84E-16,0.218916,3.04E-09,0.931318,3.98E-17,2.15E-13
S604,0.98549437,4.46E-13,344.96448,10.813224,0.21135072,0.0054214,4.93E-13,0.0936632,0.978964,1.06E-19,0.000392147,0.00017091,2.64E-19,1,4.93E-13,0.898727,0.963758,2.93E-19,0.00358969,2.01E-09,0.975288,4.62E-19,1.54E-15
S605,0.73799437,7.93E-12,157.46448,20.688224,0.13635072,0.00392141,2.05E-13,0.0603321,0.991336,1.18E-18,0.00137827,0.00134079,2.82E-18,1,2.05E-13,0.839597,0.986104,4.25E-18,0.0176655,1.19E-09,0.98966,5.10E-18,2.11E-15
S606,0.24299437,2.51E-14,282.46448,0.93822394,0.28635072,0.00320321,9.06E-13,0.124515,0.961969,1.50E-20,5.51E-05,0,1.73E-20,1,9.06E-13,0.941943,0.949646,6.97E-20,0.000831153,1.80E-09,0.955109,6.98E-20,1.82E-16
S607,0.22752562,1.69E-10,364.49573,18.836661,0.17853822,0.00282652,3.53E-13,0.0792791,0.985215,3.87E-18,0.00349348,0.000532432,3.23E-18,1,3.53E-13,0.948375,0.983131,3.02E-17,0.0506925,1.48E-09,0.98295,1.42E-17,6.06E-15
S608,0.72252562,5.34E-13,239.49573,38.586661,0.32853822,0.00585941,1.19E-12,0.144797,0.949811,1.94E-18,0.00566419,6.50E-05,2.61E-18,1,1.19E-12,0.869998,0.950849,1.73E-17,0.0431675,2.58E-09,0.941121,3.82E-18,4.02E-14
S609,0.97002562,9.50E-12,301.99573,8.9616614,0.25353822,0.00604438,7.10E-13,0.112944,0.969972,4.97E-19,0.0012023,0.000115515,7.70E-19,1,7.10E-13,0.935067,0.955565,3.52E-18,0.00887581,2.42E-09,0.964869,1.19E-18,6.67E-15
S610,0.47502562,3.00E-14,176.99573,28.711661,0.38537416,0.00513098,1.64E-12,0.168477,0.93141,9.35E-19,0.00422208,3.84E-05,1.19E-18,1,1.64E-12,0.925417,0.902264,4.55E-18,0.0401025,2.60E-09,0.919173,2.32E-18,3.09E-14
S611,0.35127562,4.00E-11,270.74573,23.774161,0.14103822,0.00291724,2.19E-13,0.0622294,0.990817,2.28E-18,0.00203135,0.00102455,2.62E-18,1,2.19E-13,0.943841,0.988576,1.15E-17,0.0300607,1.20E-09,0.989149,9.79E-18,2.56E-15
S612,0.84627562,1.27E-13,395.74573,4.0241614,0.29103822,0.00588592,9.36E-13,0.128442,0.960254,3.49E-20,0.000186673,4.88E-05,5.69E-20,1,9.36E-13,0.927372,0.945995,1.05E-19,0.00156465,2.74E-09,0.953355,1.25E-19,1.17E-15
S613,0.59877562,7.12E-10,208.24573,33.649161,0.36603822,0.00658387,1.48E-12,0.166171,0.938716,8.33E-17,0.0503139,0.000303228,1.36E-16,1,1.48E-12,0.885857,0.930331,4.78E-16,0.34007,3.11E-09,0.930176,7.50E-17,4.50E-13
S614,0.10377562,2.25E-12,333.24573,13.899161,0.21603822,0.00193454,5.16E-13,0.0945017,0.978431,1.95E-18,0.00157612,0.000489383,1.13E-18,1,5.16E-13,0.955604,0.971569,2.05E-17,0.0316301,1.37E-09,0.974749,6.28E-18,2.30E-15
S615,0.041900616,4.62E-12,192.62073,1.5554114,0.11496401,0.000929343,1.45E-13,0.0502779,0.993903,5.62E-19,0.000110119,0,2.52E-19,1,1.45E-13,0.639546,0.992334,2.52E-18,0.00586965,9.63E-10,0.992721,2.38E-18,3.03E-17
S616,0.53690062,1.46E-14,317.62073,21.305411,0.19728822,0.00390372,4.30E-13,0.0865262,0.981785,1.18E-19,0.000346215,0.000559721,4.77E-19,1,4.30E-13,0.960484,0.971614,4.46E-20,0.00486579,1.60E-09,0.978429,6.31E-19,8.52E-16
S617,0.78440062,8.22E-11,255.12073,11.430411,0.12228822,0.00393675,1.65E-13,0.0544039,0.993054,7.17E-19,0.000692859,0.0012997,1.20E-18,1,1.65E-13,0.758738,0.988419,2.24E-18,0.00830825,1.08E-09,0.991665,3.05E-18,9.20E-16
S618,0.28940062,2.60E-13,380.12073,31.180411,0.27228822,0.00345424,8.20E-13,0.118878,0.965596,9.05E-19,0.00213778,0.000126904,9.20E-19,1,8.20E-13,0.944356,0.953708,1.01E-17,0.0257799,1.83E-09,0.959478,2.98E-18,7.25E-15
S619,0.41315062,3.47E-10,286.37073,36.117911,0.30978822,0.00501932,1.06E-12,0.139268,0.955859,3.41E-17,0.0261653,0.000360644,5.40E-17,1,1.06E-12,0.870202,0.954508,2.52E-16,0.224351,2.62E-09,0.949619,4.49E-17,1.50E-13
S620,0.90815062,1.10E-12,161.37073,16.367911,0.15978822,0.00458551,2.82E-13,0.0708338,0.987986,4.51E-19,0.00086095,0.000745602,1.45E-18,1,2.82E-13,0.840867,0.978397,1.33E-18,0.00970177,1.48E-09,0.985779,1.99E-18,1.94E-15
S621,0.66065062,1.95E-11,348.87073,26.242911,0.23478822,0.00494356,6.08E-13,0.104093,0.974506,1.84E-18,0.00354152,0.000181087,2.65E-18,1,6.08E-13,0.940691,0.964278,1.38E-17,0.0311252,2.17E-09,0.970191,5.03E-18,1.46E-14
S622,0.16565062,6.17E-14,223.87073,6.4929114,0.38478822,0.00310448,1.64E-12,0.167239,0.932145,8.91E-19,0.00119492,0.000130325,6.87E-19,1,1.64E-12,0.921364,0.910996,1.10E-17,0.0160734,2.33E-09,0.920173,1.34E-18,5.27E-15
S623,0.13471312,1.36E-11,309.80823,34.883536,0.11291322,0.00163879,1.41E-13,0.0495425,0.994092,4.00E-18,0.00141084,0.00517078,3.37E-18,1,1.41E-13,0.965713,0.993493,1.41E-17,0.0415247,9.15E-10,0.992894,1.79E-17,6.52E-16
S624,0.62971312,4.30E-14,184.80823,15.133536,0.26291322,0.00485664,7.64E-13,0.115432,0.967627,1.87E-19,0.00101236,8.26E-05,3.80E-19,1,7.64E-13,0.947232,0.950819,3.48E-19,0.0104683,2.09E-09,0.961845,9.33E-19,4.61E-15
S625,0.87721312,2.42E-10,372.30823,25.008536,0.33791322,0.00709396,1.26E-12,0.152555,0.947577,1.15E-17,0.0115813,0.000227708,2.34E-17,1,1.26E-12,0.914959,0.927003,6.86E-17,0.070522,3.13E-09,0.939475,1.21E-17,1.03E-13
S626,0.38221312,7.65E-13,247.30823,5.2585364,0.18791322,0.00331345,3.90E-13,0.0823478,0.983607,1.64E-19,0.000311983,0.000454771,2.94E-19,1,3.90E-13,0.960195,0.97775,1.22E-18,0.00407513,1.34E-09,0.980647,7.76E-19,6.46E-16
S627,0.25846312,5.74E-11,153.55823,10.196036,0.22541322,0.00325199,5.61E-13,0.0997828,0.976533,5.65E-18,0.00510545,0.000367026,4.89E-18,1,5.61E-13,0.963812,0.959055,5.72E-17,0.0622389,1.45E-09,0.972845,1.41E-17,1.33E-14
S628,0.75346312,1.81E-13,278.55823,29.946036,0.37541322,0.00633153,1.56E-12,0.165221,0.934541,1.05E-18,0.00367496,4.79E-05,1.56E-18,1,1.56E-12,0.913876,0.920552,6.37E-18,0.0270498,2.56E-09,0.923138,1.87E-18,3.25E-14
S629,0.50596312,3.23E-12,216.05823,20.071036,0.30041322,0.004837,9.97E-13,0.132465,0.958289,3.03E-18,0.00481179,0.000140107,3.59E-18,1,9.97E-13,0.93199,0.945051,2.73E-17,0.0409998,1.95E-09,0.951127,5.18E-18,2.56E-14
S630,0.010963116,1.02E-14,341.05823,39.821036,0.15041322,0.00050999,2.50E-13,0.0652835,0.989498,3.74E-18,0.000821202,0,1.65E-18,1,2.50E-13,0.570402,0.986856,2.00E-17,0.0831952,1.32E-09,0.987534,1.94E-17,1.87E-16
S631,0.072838116,4.97E-10,231.68323,27.477286,0.28166322,0.00244594,8.76E-13,0.126377,0.963535,1.35E-16,0.0416992,0.000895684,9.64E-17,1,8.76E-13,0.898879,0.961969,1.15E-15,0.769096,2.34E-09,0.959347,1.90E-16,1.08E-13
S632,0.56783812,1.57E-12,356.68323,7.7272864,0.13166322,0.00335925,1.90E-13,0.0578448,0.991969,1.42E-19,0.000134973,0,4.03E-19,1,1.90E-13,0.899511,0.987552,3.92E-19,0.00223707,1.16E-09,0.990394,6.47E-19,1.58E-16
S633,0.81533812,2.79E-11,169.18323,37.352286,0.20666322,0.00513074,4.73E-13,0.0920718,0.980109,4.41E-18,0.0082739,0.000201252,6.19E-18,1,4.73E-13,0.92168,0.97016,3.15E-17,0.0712255,1.88E-09,0.976687,1.34E-17,3.07E-14
S634,0.32033812,8.84E-14,294.18323,17.602286,0.35666322,0.00411386,1.41E-12,0.155634,0.941366,8.12E-19,0.00195774,7.84E-05,8.30E-19,1,1.41E-12,0.926267,0.920375,6.72E-18,0.0214861,2.50E-09,0.930943,1.64E-18,1.06E-14
S635,0.44408812,6.63E-12,387.93323,12.664786,0.39416322,0.00527346,1.72E-12,0.174182,0.929009,4.29E-18,0.0035632,0.000205579,5.65E-18,1,1.72E-12,0.941681,0.861174,2.57E-17,0.0277769,2.66E-09,0.917163,3.68E-18,2.75E-14
S636,0.93908812,2.10E-14,262.93323,32.414786,0.24416322,0.00562404,6.58E-13,0.107862,0.971813,1.62E-19,0.000965314,0.000116496,5.38E-19,1,6.58E-13,0.944886,0.957538,7.92E-20,0.00889686,2.40E-09,0.966899,8.24E-19,4.62E-15
S637,0.69158812,1.18E-10,325.43323,2.7897864,0.16916322,0.00442107,3.16E-13,0.0753348,0.986744,2.11E-19,0.000328148,0.000351556,2.88E-19,1,3.16E-13,0.866818,0.980655,1.32E-18,0.00307128,1.46E-09,0.98444,8.29E-19,8.19E-16
S638,0.19658812,3.73E-13,200.43323,22.539786,0.31916322,0.00311344,1.13E-12,0.139177,0.953016,3.84E-18,0.00487102,0.000165834,2.94E-18,1,1.13E-12,0.935275,0.936279,5.11E-17,0.063318,2.11E-09,0.944821,7.11E-18,1.77E-14
S639,0.2004553,2.67E-11,390.86292,5.1042396,0.14455385,0.0022691,2.31E-13,0.0637197,0.990319,4.65E-19,0.000339001,0.00117669,4.08E-19,1,2.31E-13,0.973197,0.985424,2.59E-18,0.00574854,9.61E-10,0.988607,2.02E-18,3.46E-16
S640,0.6954553,8.45E-14,265.86292,24.85424,0.29455385,0.00539159,9.58E-13,0.129446,0.959515,3.18E-19,0.0016761,5.27E-05,5.10E-19,1,9.58E-13,0.930516,0.950336,1.05E-18,0.0152332,2.11E-09,0.95237,1.21E-18,9.68E-15
S641,0.9429553,4.75E-10,328.36292,14.97924,0.36955385,0.00780872,1.51E-12,0.167923,0.937464,1.24E-17,0.0110155,0.000241372,2.85E-17,1,1.51E-12,0.914399,0.912543,7.12E-17,0.0620135,3.49E-09,0.928044,1.16E-17,1.18E-13
S642,0.4479553,1.50E-12,203.36292,34.72924,0.21955385,0.00387664,5.32E-13,0.0964067,0.977602,1.85E-18,0.00400506,0.000201645,2.41E-18,1,5.32E-13,0.956112,0.96697,1.78E-17,0.0438323,1.61E-09,0.973632,7.01E-18,1.19E-14
S643,0.3242053,1.13E-10,234.61292,39.66674,0.18205385,0.00329205,3.67E-13,0.0807595,0.984644,8.56E-18,0.00950016,0.000424231,8.28E-18,1,3.67E-13,0.9475,0.982104,7.24E-17,0.119792,1.52E-09,0.982158,3.14E-17,1.95E-14
S644,0.8192053,3.56E-13,359.61292,19.91674,0.33205385,0.00621348,1.22E-12,0.146417,0.948573,4.83E-19,0.00172707,5.31E-05,6.98E-19,1,1.22E-12,0.925357,0.931186,3.09E-18,0.0128072,2.56E-09,0.939633,1.03E-18,1.32E-14
S645,0.5717053,6.33E-12,172.11292,29.79174,0.25705385,0.0047728,7.30E-13,0.113582,0.969404,4.10E-18,0.00759104,0.000153862,5.16E-18,1,7.30E-13,0.904339,0.970404,3.75E-17,0.0684521,1.97E-09,0.964135,9.83E-18,3.36E-14
S646,0.076705303,2.00E-14,297.11292,10.04174,0.10705385,0.00113841,1.27E-13,0.0466663,0.994651,3.21E-19,2.26E-05,0,5.43E-19,1,1.27E-13,0.973272,0.993701,2.14E-19,0.00418208,7.57E-10,0.993499,1.41E-18,3.92E-18
S647,0.029660606,9.75E-10,156.48792,17.44799,0.12521791,0.0012485,1.73E-13,0.0539406,0.992845,6.98E-17,0.0128276,0.00271743,1.94E-17,1,1.73E-13,0.328828,0.990808,7.80E-17,0.566223,1.05E-09,0.991331,2.00E-16,7.15E-15
S648,0.5098303,3.08E-12,281.48792,37.19799,0.16330385,0.00358919,2.95E-13,0.0719998,0.987568,1.20E-18,0.0018851,0.000656775,2.31E-18,1,2.95E-13,0.963031,0.982202,6.49E-18,0.0244772,1.53E-09,0.985304,5.50E-18,3.52E-15
S649,0.7573303,5.49E-11,218.98792,7.5729896,0.23830385,0.00538993,6.27E-13,0.106302,0.973728,1.28E-18,0.00211694,0.000191304,1.86E-18,1,6.27E-13,0.944509,0.962295,1.05E-17,0.0169545,2.28E-09,0.969369,2.96E-18,9.75E-15
S650,0.2623303,1.73E-13,343.98792,27.32299,0.38830385,0.00391848,1.66E-12,0.169244,0.930945,2.72E-18,0.00383021,0.000121842,2.62E-18,1,1.66E-12,0.921406,0.908575,2.78E-17,0.0392777,2.31E-09,0.918842,3.54E-18,2.15E-14
S651,0.3860803,1.30E-11,312.73792,22.38549,0.35080385,0.00471599,1.36E-12,0.155152,0.943635,9.61E-18,0.00777001,0.000241467,1.15E-17,1,1.36E-12,0.947035,0.894467,6.72E-17,0.0661099,2.30E-09,0.934392,9.80E-18,4.75E-14
S652,0.8810803,4.11E-14,187.73792,2.6354896,0.20080385,0.00496432,4.45E-13,0.0885867,0.98096,2.44E-20,8.68E-05,0.000318134,8.96E-20,1,4.45E-13,0.920391,0.975442,1.49E-20,0.000930847,1.75E-09,0.977577,1.17E-19,2.82E-16
S653,0.6335803,2.31E-10,375.23792,32.26049,0.12580385,0.00372325,1.75E-13,0.0560605,0.992648,2.18E-18,0.0021074,0.000888629,2.56E-18,1,1.75E-13,0.767508,0.988832,8.03E-18,0.0239625,1.08E-09,0.991237,9.40E-18,2.88E-15
S654,0.1385803,7.32E-13,250.23792,12.51049,0.27580385,0.00246591,8.40E-13,0.120298,0.964906,2.02E-18,0.0021259,0.000252105,1.32E-18,1,8.40E-13,0.94349,0.95353,2.87E-17,0.0341324,1.83E-09,0.958836,4.70E-18,5.23E-15
S655,0.1695178,1.61E-10,289.30042,28.557365,0.22892885,0.0028278,5.80E-13,0.101958,0.975711,1.63E-17,0.0119973,0.000549287,1.54E-17,1,5.80E-13,0.96002,0.961733,1.63E-16,0.165765,1.46E-09,0.972298,4.09E-17,2.80E-14
S656,0.6645178,5.10E-13,164.30042,8.8073646,0.37892885,0.00604706,1.59E-12,0.166836,0.933635,1.18E-18,0.002513,7.51E-05,1.61E-18,1,1.59E-12,0.920973,0.910147,1.10E-17,0.018145,2.64E-09,0.922095,1.55E-18,2.14E-14
S657,0.9120178,9.08E-12,351.80042,38.432365,0.30392885,0.00643149,1.02E-12,0.135313,0.957076,3.56E-18,0.00635128,0.000116922,5.35E-18,1,1.02E-12,0.923117,0.937497,2.11E-17,0.0442375,2.93E-09,0.949836,5.24E-18,4.57E-14
S658,0.4170178,2.87E-14,226.80042,18.682365,0.15392885,0.00308234,2.61E-13,0.067497,0.988946,2.28E-19,0.000274968,0.00257873,9.24E-19,1,2.61E-13,0.973674,0.980804,9.82E-20,0.00582593,1.16E-09,0.986839,1.11E-18,3.58E-16
S659,0.2932678,3.83E-11,195.55042,13.744865,0.11642885,0.00244368,1.50E-13,0.0513531,0.993698,1.91E-18,0.00104371,0.00273385,2.13E-18,1,1.50E-13,0.886168,0.991531,7.01E-18,0.0201447,9.83E-10,0.992442,8.25E-18,7.78E-16
S660,0.7882678,1.21E-13,320.55042,33.494865,0.26642885,0.00544828,7.84E-13,0.117414,0.966682,3.02E-19,0.00162095,6.50E-05,5.49E-19,1,7.84E-13,0.950555,0.947971,8.36E-19,0.0146419,1.96E-09,0.960824,1.32E-18,8.46E-15
S661,0.5407678,6.81E-10,258.05042,3.8698646,0.34142885,0.00608138,1.29E-12,0.154629,0.946592,5.96E-18,0.00417993,0.00032356,1.04E-17,1,1.29E-12,0.88896,0.940649,3.81E-17,0.03012,2.88E-09,0.939237,6.33E-18,3.21E-14
S662,0.045767803,2.15E-12,383.05042,23.619865,0.19142885,0.00123024,4.04E-13,0.083678,0.983096,4.44E-18,0.00223985,0.00102528,1.84E-18,1,4.04E-13,0.876057,0.97997,4.74E-17,0.0750699,1.60E-09,0.980262,1.66E-17,1.80E-15
S663,0.1076428,4.42E-12,273.67542,31.026115,0.39767885,0.00271561,1.75E-12,0.175107,0.92788,5.16E-17,0.0167544,0.000488401,3.28E-17,1,1.75E-12,0.918365,0.905281,3.91E-16,0.251876,2.49E-09,0.916432,4.05E-17,6.71E-14
S664,0.6026428,1.40E-14,398.67542,11.276115,0.24767885,0.0046021,6.77E-13,0.108647,0.971278,4.26E-20,0.000233813,0.00013147,1.22E-19,1,6.77E-13,0.949612,0.960441,2.49E-20,0.002612,1.77E-09,0.966125,2.41E-19,9.28E-16
S665,0.8501428,7.86E-11,211.17542,21.151115,0.17267885,0.00486002,3.30E-13,0.077178,0.98609,1.96E-18,0.0033641,0.000312404,2.96E-18,1,3.30E-13,0.843242,0.978559,1.23E-17,0.0296946,1.51E-09,0.983666,7.35E-18,9.49E-15
S666,0.3551428,2.49E-13,336.17542,1.4011146,0.32267885,0.00413794,1.15E-12,0.141035,0.951875,6.43E-20,0.000141825,9.62E-05,6.68E-20,1,1.15E-12,0.915514,0.949756,6.91E-19,0.00144135,2.15E-09,0.943368,1.38E-19,6.95E-16
S667,0.4788928,3.31E-10,367.42542,6.3386146,0.28517885,0.00510203,8.98E-13,0.12801,0.962587,2.91E-18,0.0028637,0.000328191,5.00E-18,1,8.98E-13,0.899509,0.959463,2.23E-17,0.0235575,2.38E-09,0.957132,4.71E-18,1.52E-14
S668,0.9738928,1.05E-12,242.42542,26.088615,0.13517885,0.00435894,2.02E-13,0.0600026,0.991374,4.48E-19,0.000535287,0.00226561,1.79E-18,1,2.02E-13,0.773392,0.985733,7.71E-19,0.00743823,1.21E-09,0.989729,1.90E-18,7.91E-16
S669,0.7263928,1.86E-11,304.92542,16.213615,0.21017885,0.00488589,4.88E-13,0.093359,0.979461,9.99E-19,0.00191846,0.000200278,1.38E-18,1,4.88E-13,0.944345,0.971123,6.39E-18,0.0174347,2.00E-09,0.975916,3.09E-18,6.91E-15
S670,0.2313928,5.89E-14,179.92542,35.963615,0.36017885,0.00351921,1.43E-12,0.156628,0.94031,3.22E-18,0.00654718,9.09E-05,2.78E-18,1,1.43E-12,0.926416,0.920032,3.34E-17,0.0833688,2.39E-09,0.929676,6.36E-18,3.06E-14
S671,0.24686155,3.97E-10,215.08167,23.002677,0.10236635,0.00227128,1.17E-13,0.0455228,0.995104,6.45E-18,0.00251713,0.00276684,4.08E-18,1,1.17E-13,0.699374,0.993522,2.01E-17,0.0500725,8.61E-10,0.994029,2.59E-17,1.48E-15
S672,0.74186155,1.25E-12,340.08167,3.2526771,0.25236635,0.00524074,7.04E-13,0.111459,0.97024,7.94E-20,0.000246379,9.95E-05,1.17E-19,1,7.04E-13,0.932006,0.958295,6.53E-19,0.0021074,2.36E-09,0.965039,2.54E-19,1.17E-15
S673,0.98936155,2.23E-11,152.58167,32.877677,0.32736635,0.00700476,1.18E-12,0.146456,0.950357,1.31E-17,0.0178367,0.0001336,2.02E-17,1,1.18E-12,0.927834,0.924066,8.60E-17,0.115243,3.22E-09,0.942123,1.48E-17,1.51E-13
S674,0.49436155,7.06E-14,277.58167,13.127677,0.17736635,0.00358705,3.48E-13,0.0778492,0.985261,1.39E-19,0.000296291,0.000761506,4.47E-19,1,3.48E-13,0.96531,0.977672,1.47E-19,0.00450106,1.36E-09,0.982549,7.14E-19,5.87E-16
S675,0.37061155,5.29E-12,371.33167,18.065177,0.21486635,0.00356267,5.09E-13,0.0944517,0.978669,1.03E-18,0.00159912,0.000262353,1.12E-18,1,5.09E-13,0.956834,0.969755,7.70E-18,0.0184506,1.50E-09,0.974977,3.35E-18,4.27E-15
S676,0.86561155,1.67E-14,246.33167,37.815177,0.36486635,0.00660057,1.47E-12,0.160743,0.937827,2.85E-19,0.0026182,2.26E-05,5.29E-19,1,1.47E-12,0.942547,0.885824,4.46E-19,0.0201057,2.70E-09,0.927001,1.07E-18,2.34E-14
S677,0.61811155,9.41E-11,308.83167,8.1901771,0.28986635,0.0055125,9.27E-13,0.129492,0.96136,2.72E-18,0.00293535,0.000235821,4.05E-18,1,9.27E-13,0.897959,0.957049,1.96E-17,0.0222535,2.43E-09,0.955178,3.86E-18,1.72E-14
S678,0.12311155,2.98E-13,183.83167,27.940177,0.13986635,0.00165725,2.17E-13,0.0610449,0.990898,2.03E-18,0.00111696,0.00416886,3.02E-18,1,2.17E-13,0.97145,0.987731,9.72E-18,0.0333286,9.30E-10,0.989166,9.80E-18,7.24E-16
S679,0.061236553,4.58E-11,324.45667,35.346427,0.27111635,0.00186005,8.12E-13,0.120543,0.966023,4.75E-17,0.0174187,0.000890186,2.86E-17,1,8.12E-13,0.944234,0.955478,4.88E-16,0.372133,1.66E-09,0.961402,8.08E-17,3.22E-14
S680,0.55623655,1.45E-13,199.45667,15.596427,0.32883119,0.00514771,1.19E-12,0.144249,0.949811,5.88E-19,0.0021298,5.70E-05,7.56E-19,1,1.19E-12,0.943518,0.916849,3.91E-18,0.0194201,2.33E-09,0.940948,1.51E-18,1.33E-14
S681,0.80373655,8.15E-10,386.95667,25.471427,0.19611635,0.00536515,4.25E-13,0.0884175,0.982224,3.84E-18,0.00561053,0.000275295,5.72E-18,1,4.25E-13,0.819576,0.974161,2.47E-17,0.0425189,1.68E-09,0.97943,1.13E-17,2.08E-14
S682,0.30873655,2.58E-12,261.95667,5.7214271,0.34611635,0.00411178,1.32E-12,0.152001,0.944998,1.64E-18,0.00161227,0.000197261,1.67E-18,1,1.32E-12,0.911654,0.939424,1.43E-17,0.0160002,2.23E-09,0.935629,1.97E-18,8.46E-15
S683,0.43248655,1.93E-10,168.20667,0.78392707,0.38361635,0.00558516,1.63E-12,0.172331,0.932832,2.37E-18,0.00121675,0.000314048,3.04E-18,1,1.63E-12,0.819078,0.917747,1.43E-17,0.00975252,3.25E-09,0.923043,1.94E-18,9.66E-15
S684,0.92748655,6.11E-13,293.20667,20.533927,0.23361635,0.00555697,6.03E-13,0.103517,0.974327,3.09E-19,0.00119852,0.000109387,6.02E-19,1,6.03E-13,0.937747,0.958388,1.39E-18,0.0103959,2.34E-09,0.969853,1.22E-18,5.50E-15
S685,0.67998655,1.09E-11,230.70667,10.658927,0.15861635,0.00409102,2.78E-13,0.0702075,0.988262,5.01E-19,0.000796109,0.000595081,9.68E-19,1,2.78E-13,0.899611,0.983024,2.31E-18,0.00906487,1.38E-09,0.986131,2.18E-18,1.63E-15
S686,0.18498655,3.44E-14,355.70667,30.408927,0.30861635,0.00291662,1.05E-12,0.134021,0.955956,6.86E-19,0.00191802,9.17E-05,5.76E-19,1,1.05E-12,0.93785,0.940366,5.11E-18,0.0305485,2.03E-09,0.94805,2.47E-18,6.28E-15
S687,0.15404905,7.58E-12,207.26917,9.4245521,0.18674135,0.00222101,3.86E-13,0.0820149,0.983848,1.75E-18,0.00158364,0.000592627,1.32E-18,1,3.86E-13,0.96203,0.978225,1.84E-17,0.0280953,1.23E-09,0.981089,6.81E-18,2.23E-15
S688,0.64904905,2.40E-14,332.26917,29.174552,0.33674135,0.00554868,1.25E-12,0.147701,0.947191,2.09E-19,0.00152024,3.19E-05,3.34E-19,1,1.25E-12,0.921842,0.937786,4.98E-19,0.0136911,2.23E-09,0.937814,8.49E-19,1.04E-14
S689,0.89654905,1.35E-10,269.76917,19.299552,0.26174135,0.00619967,7.57E-13,0.117543,0.968311,4.34E-18,0.00636722,0.000192474,7.23E-18,1,7.57E-13,0.927763,0.954212,3.20E-17,0.0438209,2.46E-09,0.963178,7.76E-18,3.76E-14
S690,0.40154905,4.26E-13,394.76917,39.049552,0.35402651,0.00461612,1.38E-12,0.155054,0.942245,2.50E-18,0.00447383,0.000104946,2.83E-18,1,1.38E-12,0.928561,0.921104,2.33E-17,0.0399653,2.37E-09,0.932176,3.79E-18,2.70E-14
S691,0.27779905,5.69E-10,301.01917,34.112052,0.14924135,0.00295851,2.47E-13,0.0665948,0.989641,8.87E-18,0.00704778,0.000639068,6.58E-18,1,2.47E-13,0.807614,0.986535,5.37E-17,0.0976148,1.25E-09,0.988027,3.44E-17,1.03E-14
S692,0.77279905,1.80E-12,176.01917,14.362052,0.29924135,0.00582264,9.89E-13,0.1323,0.958312,1.31E-18,0.00319317,8.65E-05,1.77E-18,1,9.89E-13,0.907848,0.950725,1.26E-17,0.0243385,2.64E-09,0.951105,2.60E-18,2.04E-14
S693,0.52529905,3.20E-11,363.51917,24.237052,0.37424135,0.00570956,1.55E-12,0.16669,0.935936,1.28E-17,0.00948537,0.000238271,1.79E-17,1,1.55E-12,0.817379,0.918698,7.37E-17,0.0712422,3.19E-09,0.925618,1.09E-17,7.52E-14
S694,0.030299053,1.01E-13,238.51917,4.4870521,0.22424135,0.00104056,5.55E-13,0.0974043,0.976785,7.75E-19,0.000469953,0.000774434,2.97E-19,1,5.55E-13,0.817799,0.971844,1.27E-17,0.0191612,1.92E-09,0.972707,3.01E-18,3.83E-16
S695,0.092174053,6.57E-11,347.89417,11.893302,0.11115541,0.00141912,1.36E-13,0.0489004,0.994291,2.65E-18,0.000773005,0.00379007,1.23E-18,1,1.36E-13,0.784171,0.992703,9.77E-18,0.0243344,9.29E-10,0.993171,1.12E-17,3.25E-16
S696,0.58717405,2.08E-13,222.89417,31.643302,0.20549135,0.00419394,4.67E-13,0.090237,0.980224,5.14E-19,0.00159179,0.000277996,1.28E-18,1,4.67E-13,0.961465,0.968501,1.55E-18,0.0188442,1.59E-09,0.976665,2.57E-18,4.61E-15
S697,0.83467405,3.69E-12,285.39417,2.0183021,0.13049135,0.00404193,1.88E-13,0.0579337,0.992001,4.55E-20,5.01E-05,0,1.34E-19,1,1.88E-13,0.798419,0.9858,1.31E-19,0.00066588,1.19E-09,0.990457,1.95E-19,7.10E-17
S698,0.33967405,1.17E-14,160.39417,21.768302,0.28049135,0.00371438,8.69E-13,0.122136,0.963442,3.13E-19,0.00162617,8.29E-05,5.03E-19,1,8.69E-13,0.94575,0.946297,6.07E-19,0.0219278,1.97E-09,0.956803,1.76E-18,6.07E-15
S699,0.46342405,1.56E-11,254.14417,26.705802,0.31799135,0.00489705,1.12E-12,0.140846,0.953552,9.52E-18,0.00939229,0.000209561,1.13E-17,1,1.12E-12,0.947033,0.922383,7.06E-17,0.0768613,2.03E-09,0.945882,1.16E-17,5.38E-14
S700,0.95842405,4.92E-14,379.14417,6.9558021,0.16799135,0.00474124,3.12E-13,0.0743829,0.986647,3.31E-20,7.26E-05,0,1.61E-19,1,3.12E-13,0.85372,0.978076,1.21E-20,0.000913215,1.50E-09,0.984244,1.47E-19,1.68E-16
S701,0.71092405,2.77E-10,191.64417,36.580802,0.24299135,0.00551347,6.53E-13,0.109138,0.972706,1.52E-17,0.0192724,0.000244023,2.28E-17,1,6.53E-13,0.931303,0.963558,1.23E-16,0.149279,2.20E-09,0.968417,3.08E-17,9.34E-14
S702,0.21592405,8.76E-13,316.64417,16.830802,0.39299135,0.00364729,1.71E-12,0.171961,0.92941,5.46E-18,0.00416799,0.000219953,4.87E-18,1,1.71E-12,0.910964,0.916222,4.91E-17,0.0453858,2.44E-09,0.91729,5.33E-18,2.21E-14
S703,0.22365843,8.60E-11,185.78479,31.951896,0.2500226,0.00325856,6.91E-13,0.11109,0.971129,2.71E-17,0.0189775,0.000423348,2.37E-17,1,6.91E-13,0.940023,0.966565,2.48E-16,0.230863,1.55E-09,0.966816,5.10E-17,5.61E-14
S704,0.71865843,2.72E-13,310.78479,12.201896,0.1000226,0.00325591,1.10E-13,0.044192,0.995306,1.45E-19,1.54E-05,0,6.07E-19,1,1.10E-13,0.775298,0.991638,8.75E-20,0.00156851,9.15E-10,0.994214,5.60E-19,4.27E-18
S705,0.96615843,4.84E-12,248.28479,22.076896,0.1750226,0.00497392,3.38E-13,0.0776498,0.985649,6.11E-19,0.00137847,0.000364424,1.43E-18,1,3.38E-13,0.851445,0.976823,3.32E-18,0.0126947,1.55E-09,0.983107,2.56E-18,3.93E-15
S706,0.47115843,1.53E-14,373.28479,2.3268958,0.3250226,0.00468367,1.17E-12,0.142016,0.950963,1.39E-20,9.82E-05,4.30E-05,2.34E-20,1,1.17E-12,0.935845,0.931449,3.25E-20,0.00104595,2.20E-09,0.942164,6.69E-20,5.45E-16
S707,0.34740843,2.04E-11,279.53479,7.2643958,0.3625226,0.00461596,1.45E-12,0.160671,0.939867,5.35E-18,0.00348905,0.000281207,6.08E-18,1,1.45E-12,0.92273,0.921912,3.66E-17,0.0300303,2.23E-09,0.930221,4.95E-18,2.16E-14
S708,0.84240843,6.45E-14,154.53479,27.014396,0.2125226,0.00502091,5.00E-13,0.093832,0.978643,3.54E-19,0.00140366,0.000228782,1.15E-18,1,5.00E-13,0.937185,0.972613,3.26E-19,0.0145745,1.92E-09,0.974852,1.73E-18,5.01E-15
S709,0.59490843,3.63E-10,342.03479,17.139396,0.1375226,0.00384134,2.09E-13,0.0614082,0.991242,1.66E-18,0.00176487,0.000608265,1.77E-18,1,2.09E-13,0.782704,0.987149,7.34E-18,0.0190149,1.17E-09,0.98967,6.85E-18,2.91E-15
S710,0.099908428,1.15E-12,217.03479,36.889396,0.2875226,0.00216675,9.12E-13,0.12564,0.962003,1.44E-17,0.00961613,0.000357157,7.78E-18,1,9.12E-13,0.940923,0.950054,1.70E-16,0.177799,1.81E-09,0.955575,2.54E-17,2.18E-14
S711,0.038033428,9.93E-12,357.65979,29.483146,0.1187726,0.000918489,1.56E-13,0.0520881,0.993444,7.31E-18,0.00162944,0.00536514,2.61E-18,1,1.56E-13,0.664139,0.991729,3.46E-17,0.0800668,9.97E-10,0.992211,3.28E-17,4.87E-16
S712,0.53303343,3.14E-14,232.65979,9.7331458,0.2687726,0.00452608,7.97E-13,0.117573,0.96628,9.24E-20,0.000522005,8.56E-05,1.93E-19,1,7.97E-13,0.948781,0.949984,1.97E-19,0.00576623,1.90E-09,0.960213,4.97E-19,2.26E-15
S713,0.78053343,1.77E-10,295.15979,39.358146,0.3437726,0.00676163,1.31E-12,0.154843,0.945789,2.57E-17,0.0226203,0.000233687,4.55E-17,1,1.31E-12,0.89821,0.933312,1.53E-16,0.144125,2.99E-09,0.937346,2.52E-17,1.95E-13
S714,0.28553343,5.59E-13,170.15979,19.608146,0.1937726,0.00292328,4.15E-13,0.0848036,0.982557,1.06E-18,0.00180949,0.000463959,1.60E-18,1,4.15E-13,0.95946,0.976314,9.62E-18,0.0265521,1.36E-09,0.979405,4.94E-18,3.45E-15
S715,0.40928343,7.45E-10,263.90979,14.670646,0.2312726,0.0044495,5.90E-13,0.104077,0.975296,8.36E-18,0.00814314,0.000379285,1.15E-17,1,5.90E-13,0.925194,0.971042,6.65E-17,0.0776631,1.98E-09,0.971881,1.86E-17,3.03E-14
S716,0.90428343,2.36E-12,388.90979,34.420646,0.3812726,0.00707273,1.61E-12,0.169175,0.932745,3.26E-18,0.00565741,9.46E-05,5.38E-18,1,1.61E-12,0.881324,0.920249,2.09E-17,0.0352869,3.32E-09,0.921315,3.43E-18,5.68E-14
S717,0.65678343,4.19E-11,201.40979,4.7956458,0.3062726,0.00572286,1.04E-12,0.136514,0.95682,2.17E-18,0.00231732,0.000195454,2.92E-18,1,1.04E-12,0.884678,0.950425,1.56E-17,0.0174025,2.62E-09,0.949728,2.69E-18,1.49E-14
S718,0.16178343,1.32E-13,326.40979,24.545646,0.1562726,0.00198217,2.70E-13,0.0681276,0.988636,6.06E-19,0.000553368,0.00218904,1.12E-18,1,2.70E-13,0.968393,0.984652,2.33E-18,0.0139577,1.04E-09,0.986499,3.19E-18,5.11E-16
S719,0.19272093,2.92E-11,240.47229,15.905021,0.3343976,0.00341419,1.23E-12,0.148114,0.948766,1.90E-17,0.00997447,0.000417024,1.75E-17,1,1.23E-12,0.933837,0.929699,1.56E-16,0.117251,2.05E-09,0.940959,2.08E-17,4.19E-14
S720,0.68772093,9.24E-14,365.47229,35.655021,0.1843976,0.00426586,3.75E-13,0.0811515,0.984052,2.46E-19,0.000655495,0.000507919,8.34E-19,1,3.75E-13,0.956277,0.977068,2.36E-19,0.00830437,1.77E-09,0.981162,1.23E-18,1.64E-15
S721,0.93522093,5.20E-10,177.97229,6.0300208,0.1093976,0.00416628,1.32E-13,0.0490862,0.994438,8.12E-19,0.00065448,0.00123172,9.61E-19,1,1.32E-13,0.662174,0.990999,2.49E-18,0.00694537,9.54E-10,0.993253,3.23E-18,7.80E-16
S722,0.44022093,1.64E-12,302.97229,25.780021,0.2593976,0.00418357,7.44E-13,0.113996,0.968792,1.42E-18,0.0028824,0.000141417,1.59E-18,1,7.44E-13,0.95607,0.948664,1.42E-17,0.02794,1.71E-09,0.963335,3.85E-18,1.13E-14
S723,0.31647093,1.23E-10,396.72229,20.842521,0.2968976,0.0042027,9.73E-13,0.132444,0.959466,1.04E-17,0.00810856,0.000378149,1.40E-17,1,9.73E-13,0.856399,0.95443,7.86E-17,0.0813186,2.51E-09,0.953466,1.50E-17,3.71E-14
S724,0.81147093,3.90E-13,271.72229,1.0925208,0.1468976,0.00416381,2.39E-13,0.0650895,0.989845,1.43E-20,2.09E-05,0,5.30E-20,1,2.39E-13,0.856021,0.98228,1.81E-20,0.000295682,1.33E-09,0.987933,6.33E-20,3.61E-17
S725,0.56397093,6.93E-12,334.22229,30.717521,0.2218976,0.00441433,5.44E-13,0.0979982,0.977118,1.52E-18,0.0030775,0.000189951,2.01E-18,1,5.44E-13,0.926264,0.972872,1.14E-17,0.0303765,1.88E-09,0.973162,4.95E-18,1.06E-14
S726,0.068970928,2.19E-14,209.22229,10.967521,0.10793276,0.00107977,1.28E-13,0.046906,0.994618,5.72E-19,4.70E-05,0,8.53E-19,1,1.28E-13,0.765053,0.993251,4.82E-19,0.00736766,9.65E-10,0.993459,2.44E-18,8.42E-18
S727,0.13084593,2.53E-10,318.59729,3.5612708,0.2031476,0.00243363,4.56E-13,0.0905537,0.980819,2.09E-18,0.00132538,0.000689557,1.61E-18,1,4.56E-13,0.935177,0.97923,2.03E-17,0.0224963,1.67E-09,0.978243,6.00E-18,2.34E-15
S728,0.62584593,8.00E-13,193.59729,23.311271,0.3531476,0.00569847,1.38E-12,0.155527,0.942313,2.79E-18,0.00561641,8.82E-05,3.69E-18,1,1.38E-12,0.89131,0.944749,2.71E-17,0.0421969,2.45E-09,0.932281,4.02E-18,4.19E-14
S729,0.87334593,1.42E-11,381.09729,13.436271,0.2781476,0.0060719,8.54E-13,0.123866,0.964098,1.11E-18,0.00196221,0.000130155,1.57E-18,1,8.54E-13,0.939045,0.944988,6.49E-18,0.0144427,2.75E-09,0.958049,1.89E-18,1.21E-14
S730,0.37834593,4.50E-14,256.09729,33.186271,0.30334291,0.00409083,1.02E-12,0.132319,0.957303,6.05E-19,0.00248522,6.69E-05,7.51E-19,1,1.02E-12,0.946052,0.932459,2.69E-18,0.0293853,2.12E-09,0.949659,2.30E-18,1.12E-14
S731,0.50209593,3.38E-12,162.34729,38.123771,0.1656476,0.00359289,3.04E-13,0.0729546,0.987209,2.29E-18,0.0035595,0.000652635,4.40E-18,1,3.04E-13,0.962483,0.981914,1.45E-17,0.0460866,1.52E-09,0.984872,1.03E-17,6.75E-15
S732,0.99709593,1.07E-14,287.34729,18.373771,0.3156476,0.00653317,1.10E-12,0.139246,0.952953,6.24E-20,0.000700922,3.01E-05,1.58E-19,1,1.10E-12,0.937166,0.932683,3.84E-20,0.00551204,2.31E-09,0.944823,3.40E-19,5.26E-15
S733,0.74959593,6.00E-11,224.84729,28.248771,0.3906476,0.00691525,1.69E-12,0.17515,0.930191,2.75E-17,0.0206035,0.000207286,4.29E-17,1,1.69E-12,0.846732,0.92131,1.54E-16,0.130208,3.34E-09,0.918998,2.10E-17,2.07E-13
S734,0.25459593,1.90E-13,349.84729,8.4987708,0.2406476,0.00304833,6.40E-13,0.104959,0.97316,2.03E-19,0.000470623,0.000188378,2.30E-19,1,6.40E-13,0.950996,0.963699,1.89E-18,0.00663883,1.61E-09,0.968348,8.62E-19,1.22E-15
S735,0.23912718,5.79E-12,291.25354,11.584708,0.2922101,0.0033974,9.43E-13,0.128507,0.960709,3.06E-18,0.00280723,0.000261563,2.66E-18,1,9.43E-13,0.940432,0.946578,2.81E-17,0.0329612,1.95E-09,0.954157,5.01E-18,1.02E-14
S736,0.73412718,1.83E-14,166.25354,31.334708,0.1422101,0.00386481,2.23E-13,0.0628341,0.990468,3.37E-19,0.000315537,0.00567217,2.12E-18,1,2.23E-13,0.874671,0.985404,7.65E-20,0.00697689,1.26E-09,0.988621,1.43E-18,3.74E-16
S737,0.98162718,1.03E-10,353.75354,1.7097083,0.2172101,0.00582365,5.22E-13,0.0974313,0.97806,1.41E-19,0.000267719,0.000191512,2.30E-19,1,5.22E-13,0.87199,0.96566,9.50E-19,0.00193923,1.94E-09,0.974407,3.80E-19,1.20E-15
S738,0.48662718,3.26E-13,228.75354,21.459708,0.3672101,0.00513368,1.49E-12,0.160996,0.93784,1.96E-18,0.00403118,8.52E-05,2.40E-18,1,1.49E-12,0.944864,0.878769,1.88E-17,0.0339487,2.62E-09,0.92695,2.89E-18,2.81E-14
S739,0.36287718,4.34E-10,197.50354,26.397208,0.3297101,0.00496656,1.20E-12,0.148531,0.950039,6.15E-17,0.03486,0.000382079,8.07E-17,1,1.20E-12,0.862656,0.947883,4.18E-16,0.310721,2.78E-09,0.943276,6.66E-17,2.11E-13
S740,0.85787718,1.37E-12,322.50354,6.6472083,0.1797101,0.0047418,3.57E-13,0.0795814,0.984805,1.01E-19,0.000253196,0.000347769,2.46E-19,1,3.57E-13,0.893852,0.973668,4.42E-19,0.00254353,1.67E-09,0.982085,4.55E-19,7.08E-16
S741,0.61037718,2.44E-11,260.00354,36.272208,0.1047101,0.00320759,1.21E-13,0.0463302,0.994908,1.89E-18,0.000961738,0.00550152,3.77E-18,1,1.21E-13,0.779227,0.991781,3.49E-18,0.0186616,9.17E-10,0.993781,7.68E-18,6.85E-16
S742,0.11537718,7.72E-14,385.00354,16.522208,0.2547101,0.00211929,7.16E-13,0.110562,0.970007,5.62E-19,0.000912554,0.000238857,4.18E-19,1,7.16E-13,0.948616,0.959902,6.94E-18,0.0176114,1.58E-09,0.964658,2.21E-18,1.75E-15
S743,0.053502178,2.11E-10,244.37854,9.1159583,0.1609601,0.00145377,2.86E-13,0.071597,0.987932,9.33E-18,0.00344869,0.00129535,3.61E-18,1,2.86E-13,0.811449,0.985009,9.05E-17,0.0988838,1.35E-09,0.98629,3.28E-17,2.78E-15
S744,0.54850218,6.69E-13,369.37854,28.865958,0.3109601,0.0050226,1.07E-12,0.136628,0.955224,1.17E-18,0.00282263,8.98E-05,1.45E-18,1,1.07E-12,0.936816,0.937541,1.07E-17,0.0236755,2.18E-09,0.947391,2.40E-18,1.62E-14
S745,0.79600218,1.19E-11,181.87854,18.990958,0.3859601,0.0068544,1.65E-12,0.171907,0.931503,1.02E-17,0.0107573,0.000148573,1.57E-17,1,1.65E-12,0.850772,0.919415,6.22E-17,0.0699342,3.33E-09,0.920065,8.77E-18,1.06E-13
S746,0.30100218,3.76E-14,306.87854,38.740958,0.2359601,0.00323463,6.15E-13,0.102731,0.974097,4.34E-19,0.0014748,0.000198597,7.76E-19,1,6.15E-13,0.95177,0.964469,1.20E-18,0.0225948,1.64E-09,0.969387,2.45E-18,3.91E-15
S747,0.42475218,5.01E-11,338.12854,33.803458,0.1984601,0.00379927,4.35E-13,0.0879107,0.981767,3.73E-18,0.00491639,0.000322644,4.15E-18,1,4.35E-13,0.934421,0.97926,2.94E-17,0.0527249,1.65E-09,0.97874,1.20E-17,1.28E-14
S748,0.91975218,1.59E-13,213.12854,14.053458,0.3484601,0.00668267,1.34E-12,0.153792,0.943195,3.58E-19,0.00178146,3.59E-05,5.53E-19,1,1.34E-12,0.924148,0.926784,1.72E-18,0.012872,2.49E-09,0.933384,8.65E-19,1.54E-14
S749,0.67225218,8.92E-10,275.62854,23.928458,0.2734601,0.00597284,8.26E-13,0.123781,0.965577,1.46E-17,0.0157357,0.000296565,2.79E-17,1,8.26E-13,0.917798,0.956681,1.05E-16,0.113257,2.40E-09,0.960634,2.44E-17,9.40E-14
S750,0.17725218,2.82E-12,150.62854,4.1784583,0.1234601,0.00190087,1.68E-13,0.0540352,0.992928,5.41E-19,0.000250128,0,7.22E-19,1,1.68E-13,0.973015,0.99101,1.88E-18,0.0067898,8.20E-10,0.991537,2.41E-18,1.52E-16
S751,0.14631468,6.22E-10,377.19104,37.506583,0.3765851,0.00381907,1.57E-12,0.170425,0.935038,1.58E-16,0.0518174,0.000649566,1.82E-16,1,1.57E-12,0.871471,0.931002,1.02E-15,0.610509,3.16E-09,0.927592,1.49E-16,2.80E-13
S752,0.64131468,1.97E-12,252.19104,17.756583,0.2265851,0.00466561,5.68E-13,0.0999713,0.976048,6.68E-19,0.00170529,0.000155554,9.90E-19,1,5.68E-13,0.936204,0.96733,5.61E-18,0.016221,2.07E-09,0.971846,2.35E-18,6.36E-15
S753,0.88881468,3.50E-11,314.69104,27.631583,0.1515851,0.0045715,2.53E-13,0.0674868,0.989293,1.09E-18,0.00172655,0.000561097,2.11E-18,1,2.53E-13,0.808129,0.983075,4.40E-18,0.0173172,1.32E-09,0.987369,4.55E-18,3.77E-15
S754,0.39381468,1.11E-13,189.69104,7.8815833,0.3015851,0.00417977,1.00E-12,0.131681,0.95792,3.08E-19,0.000979507,8.05E-05,3.61E-19,1,1.00E-12,0.943583,0.93587,2.24E-18,0.0109032,2.12E-09,0.950426,9.47E-19,4.49E-15
S755,0.27006468,8.30E-12,220.94104,2.9440833,0.2640851,0.00343742,7.70E-13,0.116259,0.967849,7.79E-19,0.000819635,0.000263625,7.09E-19,1,7.70E-13,0.92843,0.966524,7.94E-18,0.00940458,1.69E-09,0.96249,1.56E-18,2.69E-15
S756,0.76506468,2.62E-14,345.94104,22.694083,0.1140851,0.00355069,1.44E-13,0.0504946,0.993873,1.29E-19,2.77E-05,0,7.23E-19,1,1.44E-13,0.803649,0.988451,2.74E-20,0.00183153,1.06E-09,0.992579,5.05E-19,1.45E-17
S757,0.51756468,1.48E-10,158.44104,12.819083,0.1890851,0.00415622,3.95E-13,0.0842472,0.983454,3.57E-18,0.00458222,0.000313365,3.91E-18,1,3.95E-13,0.936155,0.979185,2.97E-17,0.0464923,1.65E-09,0.980724,1.16E-17,1.25E-14
S758,0.022564678,4.67E-13,283.44104,32.569083,0.11701479,0.000666014,1.50E-13,0.0508493,0.993684,6.39E-18,0.000940167,0,3.08E-18,1,1.50E-13,0.450987,0.992071,2.38E-17,0.0800539,9.84E-10,0.992436,2.93E-17,1.78E-16
S759,0.084439678,1.70E-11,174.06604,25.162833,0.2453351,0.00196166,6.65E-13,0.108141,0.972221,2.51E-17,0.0129995,0.000615291,1.38E-17,1,6.65E-13,0.949493,0.963472,2.93E-16,0.268509,1.54E-09,0.967967,5.50E-17,2.25E-14
S760,0.57943968,5.39E-14,299.06604,5.4128333,0.3953351,0.00572239,1.73E-12,0.173297,0.927812,1.33E-19,0.000542716,4.06E-05,1.85E-19,1,1.73E-12,0.916418,0.90649,6.08E-19,0.00457455,2.60E-09,0.915021,2.70E-19,4.56E-15
S761,0.82693968,3.03E-10,236.56604,35.037833,0.3203351,0.00677801,1.13E-12,0.144608,0.952888,2.44E-17,0.0250658,0.000235095,4.72E-17,1,1.13E-12,0.921721,0.935331,1.69E-16,0.160913,2.96E-09,0.945639,2.90E-17,2.01E-13
S762,0.33193968,9.58E-13,361.56604,15.287833,0.1703351,0.00296328,3.21E-13,0.0746688,0.98652,3.65E-19,0.00054717,0.000746302,6.63E-19,1,3.21E-13,0.964806,0.981437,2.21E-18,0.00802393,1.19E-09,0.984045,1.79E-18,8.88E-16
S763,0.45568968,7.18E-11,330.31604,20.225333,0.1328351,0.00322093,1.95E-13,0.0587708,0.991815,1.45E-18,0.0013417,0.00106013,1.80E-18,1,1.95E-13,0.869543,0.988495,6.16E-18,0.0179811,1.13E-09,0.990287,6.38E-18,1.70E-15
S764,0.95068968,2.27E-13,205.31604,39.975333,0.2828351,0.00613212,8.84E-13,0.125042,0.962372,7.38E-19,0.00378378,5.21E-05,1.24E-18,1,8.84E-13,0.929033,0.945867,2.78E-18,0.0303543,2.75E-09,0.955831,2.61E-18,2.39E-14
S765,0.70318968,4.04E-12,392.81604,10.350333,0.3578351,0.00615089,1.41E-12,0.158423,0.940958,1.27E-18,0.00184316,0.000125175,1.88E-18,1,1.41E-12,0.857169,0.947626,8.35E-18,0.0128204,2.76E-09,0.930929,1.41E-18,1.50E-14
S766,0.20818968,1.28E-14,267.81604,30.100333,0.2078351,0.00253555,4.77E-13,0.0903875,0.979919,3.61E-19,0.000832708,0.000513658,7.46E-19,1,4.77E-13,0.958344,0.972842,4.70E-19,0.0170408,1.39E-09,0.976239,2.14E-18,1.45E-15
S767,0.21012327,4.13E-12,165.76526,16.44506,0.10763979,0.00193442,1.28E-13,0.0471288,0.994642,1.90E-18,0.000579828,0.0109459,2.80E-18,1,1.28E-13,0.966605,0.993868,4.23E-18,0.0200608,9.22E-10,0.993499,7.93E-18,2.56E-16
S768,0.70512327,1.31E-14,290.76526,36.19506,0.25763979,0.00504497,7.34E-13,0.113215,0.968808,1.66E-19,0.00105273,9.25E-05,4.46E-19,1,7.34E-13,0.943115,0.955364,8.53E-20,0.0106976,2.10E-09,0.963268,9.14E-19,4.82E-15
S769,0.95262327,7.35E-11,228.26526,6.5700599,0.33263979,0.00709106,1.22E-12,0.149462,0.948954,3.13E-18,0.0033947,0.000176473,5.24E-18,1,1.22E-12,0.922526,0.924308,1.91E-17,0.0211097,3.19E-09,0.940676,3.19E-18,2.97E-14
S770,0.45762327,2.32E-13,353.26526,26.32006,0.18263979,0.00352988,3.69E-13,0.0801092,0.984404,3.22E-19,0.00070947,0.000531183,7.84E-19,1,3.69E-13,0.961872,0.977991,9.20E-19,0.0100102,1.35E-09,0.981544,1.66E-18,1.48E-15
S771,0.33387327,3.10E-10,322.01526,21.38256,0.22013979,0.00381429,5.35E-13,0.0983093,0.977595,7.19E-18,0.00726834,0.000402777,8.79E-18,1,5.35E-13,0.933803,0.974582,6.05E-17,0.0791795,1.85E-09,0.974335,1.87E-17,2.18E-14
S772,0.82887327,9.80E-13,197.01526,1.6325599,0.37013979,0.00664876,1.51E-12,0.163698,0.936476,1.93E-19,0.000411034,7.66E-05,2.88E-19,1,1.51E-12,0.902417,0.930847,1.63E-18,0.00270035,2.70E-09,0.925564,2.42E-19,3.76E-15
S773,0.58137327,1.74E-11,384.51526,31.25756,0.29513979,0.00523693,9.62E-13,0.130923,0.959792,4.81E-18,0.00605593,0.000178343,6.11E-18,1,9.62E-13,0.888699,0.965779,3.20E-17,0.0478846,2.19E-09,0.953085,7.06E-18,3.43E-14
S774,0.086373272,5.51E-14,259.51526,11.50756,0.14513979,0.00139715,2.32E-13,0.0630987,0.990232,4.69E-19,0.000240627,0,7.38E-19,1,2.32E-13,0.876345,0.988155,1.30E-18,0.0100541,1.25E-09,0.988365,2.40E-18,1.34E-16
S775,0.024498272,1.51E-10,368.89026,4.1013099,0.27638979,0.00140294,8.44E-13,0.123745,0.964787,1.75E-17,0.00366537,0.00164841,8.77E-18,1,8.44E-13,0.900917,0.963055,1.78E-16,0.116908,2.32E-09,0.960745,2.77E-17,5.32E-15
S776,0.51949827,4.77E-13,243.89026,23.85131,0.31183901,0.00489394,1.07E-12,0.136845,0.954903,1.28E-18,0.00331262,8.25E-05,1.53E-18,1,1.07E-12,0.934807,0.939418,1.30E-17,0.0290522,2.16E-09,0.947019,2.84E-18,1.85E-14
S777,0.76699827,8.49E-12,306.39026,13.97631,0.20138979,0.00484533,4.48E-13,0.0892672,0.981106,5.53E-19,0.00120065,0.000215204,8.71E-19,1,4.48E-13,0.936575,0.972593,3.46E-18,0.0111287,1.88E-09,0.97783,1.95E-18,4.05E-15
S778,0.27199827,2.68E-14,181.39026,33.72631,0.35138979,0.003749,1.36E-12,0.152828,0.943065,1.45E-18,0.00456616,6.27E-05,1.39E-18,1,1.36E-12,0.925068,0.928602,9.06E-18,0.0577309,2.09E-09,0.932884,3.89E-18,2.21E-14
S779,0.39574827,3.58E-11,212.64026,38.66381,0.38888979,0.00513871,1.67E-12,0.173015,0.930976,5.38E-17,0.0313076,0.00028393,6.59E-17,1,1.67E-12,0.788003,0.925139,3.52E-16,0.26633,3.28E-09,0.920105,4.33E-17,2.32E-13
S780,0.89074827,1.13E-13,337.64026,18.91381,0.23888979,0.00546117,6.30E-13,0.105483,0.973079,1.29E-19,0.000657992,0.000104167,3.12E-19,1,6.30E-13,0.946655,0.956278,2.14E-19,0.00610461,2.50E-09,0.968363,6.17E-19,3.00E-15
S781,0.64324827,6.36E-10,150.14026,28.78881,0.16388979,0.00443232,2.97E-13,0.0735889,0.987563,9.48E-18,0.0113869,0.000354723,9.90E-18,1,2.97E-13,0.803518,0.981921,6.44E-17,0.107457,1.40E-09,0.985524,3.33E-17,2.79E-14
S782,0.14824827,2.01E-12,275.14026,9.0388099,0.31388979,0.00275808,1.09E-12,0.137491,0.954732,3.30E-18,0.00229698,0.000307785,2.24E-18,1,1.09E-12,0.93437,0.941382,3.30E-17,0.0332278,2.02E-09,0.947143,4.61E-18,7.29E-15
S783,0.17918577,9.12E-10,251.70276,32.491935,0.19201479,0.00293409,4.07E-13,0.0860565,0.982869,2.74E-17,0.0183853,0.000643785,2.39E-17,1,4.07E-13,0.825768,0.978579,2.44E-16,0.262219,1.61E-09,0.98068,7.81E-17,3.71E-14
S784,0.67418577,2.88E-12,376.70276,12.741935,0.34201479,0.00588142,1.29E-12,0.15125,0.945892,1.22E-18,0.00201578,0.000112826,1.69E-18,1,1.29E-12,0.87031,0.952991,9.15E-18,0.0145491,2.60E-09,0.936636,1.57E-18,1.50E-14
S785,0.92168577,5.13E-11,189.20276,22.616935,0.26701479,0.00621569,7.88E-13,0.119545,0.966898,5.62E-18,0.00845804,0.000160545,8.22E-18,1,7.88E-13,0.936318,0.951118,4.02E-17,0.0598477,2.58E-09,0.961428,9.40E-18,5.12E-14
S786,0.42668577,1.62E-13,314.20276,2.8669349,0.3390851,0.00461368,1.27E-12,0.148317,0.94683,1.06E-19,0.000291979,7.21E-05,1.21E-19,1,1.27E-12,0.92809,0.93278,9.04E-19,0.00276178,2.02E-09,0.937415,2.32E-19,1.68E-15
S787,0.30293577,1.22E-11,345.45276,7.8044349,0.15451479,0.00279808,2.64E-13,0.0680733,0.988935,4.67E-19,0.000483287,0.000879335,5.81E-19,1,2.64E-13,0.969545,0.984137,2.51E-18,0.00714565,1.06E-09,0.986958,2.06E-18,6.60E-16
S788,0.79793577,3.85E-14,220.45276,27.554435,0.30451479,0.00582231,1.02E-12,0.134004,0.95658,2.72E-19,0.00188596,3.85E-05,4.70E-19,1,1.02E-12,0.915633,0.949489,5.65E-19,0.0162605,2.68E-09,0.948981,1.15E-18,1.22E-14
S789,0.55043577,2.16E-10,282.95276,17.679435,0.37951479,0.00617131,1.59E-12,0.170776,0.934186,2.35E-17,0.0152175,0.000297575,3.93E-17,1,1.59E-12,0.83555,0.931275,1.41E-16,0.107356,3.20E-09,0.924408,2.03E-17,1.32E-13
S790,0.055435772,6.84E-13,157.95276,37.429435,0.22951479,0.00144959,5.83E-13,0.100182,0.97564,1.44E-17,0.0087612,0.000575798,5.93E-18,1,5.83E-13,0.831514,0.970556,1.88E-16,0.263351,1.94E-09,0.971456,4.30E-17,1.03E-14
S791,0.11731077,2.50E-11,298.57776,30.023185,0.36076479,0.00281964,1.44E-12,0.160012,0.940382,5.70E-17,0.0193453,0.000577137,4.21E-17,1,1.44E-12,0.925329,0.922254,4.23E-16,0.280233,2.22E-09,0.931615,5.20E-17,7.29E-14
S792,0.61231077,7.90E-14,173.57776,10.273185,0.21076479,0.00431276,4.90E-13,0.0925596,0.979203,1.57E-19,0.000539691,0.000258488,4.27E-19,1,4.90E-13,0.945127,0.973462,2.48E-19,0.00643247,1.74E-09,0.97545,8.02E-19,1.65E-15
S793,0.85981077,4.44E-10,361.07776,39.898185,0.13576479,0.00447787,2.04E-13,0.0608911,0.991435,2.87E-18,0.00354322,0.000522753,3.48E-18,1,2.04E-13,0.729359,0.986542,1.20E-17,0.0326574,1.18E-09,0.989861,1.19E-17,6.66E-15
S794,0.36481077,1.40E-12,236.07776,20.148185,0.28576479,0.0040103,9.02E-13,0.125327,0.962234,2.04E-18,0.00354531,0.000143181,2.11E-18,1,9.02E-13,0.940761,0.948278,2.30E-17,0.0362679,2.00E-09,0.95568,4.54E-18,1.48E-14
S795,0.48856077,1.05E-10,204.82776,15.210685,0.32326479,0.00528458,1.16E-12,0.144549,0.951978,1.42E-17,0.0113161,0.000276902,1.97E-17,1,1.16E-12,0.846755,0.945021,1.04E-16,0.0922767,2.73E-09,0.944569,1.60E-17,7.13E-14
S796,0.98356077,3.33E-13,329.82776,34.960685,0.17326479,0.00490917,3.32E-13,0.0767631,0.985807,3.07E-19,0.000773391,0.000547388,1.13E-18,1,3.32E-13,0.849866,0.979428,4.08E-19,0.00846258,1.49E-09,0.983255,1.40E-18,2.06E-15
S797,0.73606077,5.92E-12,267.32776,5.3356849,0.24826479,0.00525597,6.80E-13,0.110004,0.971363,3.22E-19,0.000744783,0.000133912,4.67E-19,1,6.80E-13,0.936809,0.959408,2.70E-18,0.00624875,2.34E-09,0.966455,8.61E-19,3.49E-15
S798,0.24106077,1.87E-14,392.32776,25.085685,0.39826479,0.0037558,1.75E-12,0.172902,0.92735,6.95E-19,0.00188581,6.18E-05,6.44E-19,1,1.75E-12,0.917749,0.902826,3.80E-18,0.0237795,2.69E-09,0.914283,1.41E-18,1.04E-14
S799,0.25652952,6.14E-11,310.29651,36.812247,0.14045229,0.00255472,2.18E-13,0.0620735,0.990862,4.45E-18,0.00341308,0.00101952,3.88E-18,1,2.18E-13,0.941209,0.989102,2.35E-17,0.056217,1.19E-09,0.989236,1.91E-17,3.80E-15
S800,0.75152952,1.94E-13,185.29651,17.062247,0.29045229,0.00557909,9.33E-13,0.12802,0.960537,4.45E-19,0.00194222,5.87E-05,6.74E-19,1,9.33E-13,0.929107,0.953804,2.15E-18,0.0166972,2.13E-09,0.953622,1.44E-18,1.15E-14
S801,0.99902952,3.45E-12,372.79651,26.937247,0.36545229,0.00726788,1.48E-12,0.162598,0.937969,2.42E-18,0.00456172,9.16E-05,4.13E-18,1,1.48E-12,0.908615,0.916729,1.56E-17,0.0280564,3.41E-09,0.927502,2.71E-18,4.51E-14
S802,0.50402952,1.09E-14,247.79651,7.1872474,0.21545229,0.00394284,5.13E-13,0.0943072,0.978243,4.73E-20,0.000173896,0.000343559,1.66E-19,1,5.13E-13,0.954096,0.971342,1.99E-20,0.00233781,1.48E-09,0.974273,2.65E-19,4.84E-16
S803,0.38027952,1.46E-11,154.04651,2.2497474,0.17795229,0.00333284,3.49E-13,0.0783824,0.985371,3.25E-19,0.000420738,0.00045951,3.83E-19,1,3.49E-13,0.936474,0.985864,2.62E-18,0.00531844,1.33E-09,0.982816,1.27E-18,8.33E-16
S804,0.87527952,4.60E-14,279.04651,21.999747,0.32795229,0.0063125,1.19E-12,0.144577,0.949604,1.98E-19,0.00140456,3.07E-05,3.29E-19,1,1.19E-12,0.931735,0.929701,4.13E-19,0.0111421,2.44E-09,0.940845,7.17E-19,1.07E-14
S805,0.62777952,2.59E-10,216.54651,12.124747,0.25295229,0.00532363,7.07E-13,0.113424,0.970468,5.47E-18,0.00623965,0.000263472,8.04E-18,1,7.07E-13,0.93728,0.960923,4.26E-17,0.0502783,2.32E-09,0.965895,1.02E-17,3.05E-14
S806,0.13277952,8.19E-13,341.54651,31.874747,0.10295229,0.00149321,1.17E-13,0.0449789,0.995078,1.53E-18,0.000273123,0,2.24E-18,1,1.17E-13,0.975835,0.994147,2.67E-18,0.0154736,6.84E-10,0.993984,6.70E-18,6.74E-17
S807,0.070904522,7.09E-12,232.17151,24.468497,0.12726869,0.0012648,1.78E-13,0.0556807,0.992525,5.45E-18,0.00184539,0.00379651,3.20E-18,1,1.78E-13,0.930921,0.991326,2.90E-17,0.0664024,1.06E-09,0.991133,2.43E-17,8.43E-16
S808,0.56590452,2.24E-14,357.17151,4.7184974,0.15920229,0.00362273,2.81E-13,0.070106,0.988083,2.71E-20,4.08E-05,0,1.37E-19,1,2.81E-13,0.959741,0.98299,7.97E-21,0.000742249,1.57E-09,0.985824,1.31E-19,6.39E-17
S809,0.81340452,1.26E-10,169.67151,34.343497,0.23420229,0.00560758,6.06E-13,0.104894,0.974614,9.53E-18,0.0146447,0.000204779,1.41E-17,1,6.06E-13,0.924819,0.965656,8.17E-17,0.11082,2.09E-09,0.970466,2.16E-17,6.90E-14
S810,0.31840452,3.99E-13,294.67151,14.593497,0.38420229,0.00430109,1.63E-12,0.167937,0.932333,2.10E-18,0.00274161,0.000130613,2.19E-18,1,1.63E-12,0.917881,0.912979,2.07E-17,0.0259573,2.51E-09,0.920511,2.50E-18,1.68E-14
S811,0.44215452,5.32E-10,388.42151,19.530997,0.34670229,0.0055859,1.33E-12,0.156698,0.94488,2.16E-17,0.0143539,0.000372397,3.84E-17,1,1.33E-12,0.862752,0.942835,1.36E-16,0.111141,2.91E-09,0.937354,2.30E-17,1.03E-13
S812,0.93715452,1.68E-12,263.42151,39.280997,0.19670229,0.0051641,4.28E-13,0.0872392,0.981775,7.87E-19,0.00230066,0.000215099,1.71E-18,1,4.28E-13,0.890861,0.974242,4.38E-18,0.0205515,1.73E-09,0.97857,3.32E-18,7.96E-15
S813,0.68965452,2.99E-11,325.92151,9.6559974,0.12170229,0.00365687,1.64E-13,0.0539852,0.993098,3.86E-19,0.000343449,0.00190119,7.75E-19,1,1.64E-13,0.798112,0.989133,1.01E-18,0.0047979,1.06E-09,0.991729,1.66E-18,4.08E-16
S814,0.19465452,9.45E-14,200.92151,29.405997,0.27170229,0.00282657,8.15E-13,0.118131,0.965835,1.44E-18,0.00325569,0.000150718,1.35E-18,1,8.15E-13,0.945554,0.953972,1.82E-17,0.0499921,1.75E-09,0.959758,5.38E-18,8.97E-15
S815,0.16371702,4.28E-11,364.98401,10.890372,0.22482729,0.00262106,5.58E-13,0.0994587,0.976666,2.92E-18,0.00241309,0.000491247,2.48E-18,1,5.58E-13,0.958607,0.96505,2.90E-17,0.0350814,1.44E-09,0.973097,7.95E-18,5.06E-15
S816,0.65871702,1.35E-13,239.98401,30.640372,0.37482729,0.00594462,1.55E-12,0.164596,0.935016,1.27E-18,0.00420416,5.06E-05,1.76E-18,1,1.55E-12,0.92353,0.910287,7.38E-18,0.0332204,2.61E-09,0.923603,2.27E-18,3.47E-14
S817,0.90621702,7.62E-10,302.48401,1.0153724,0.29982729,0.00701008,9.93E-13,0.136155,0.958632,5.46E-19,0.000627415,0.000250652,1.22E-18,1,9.93E-13,0.907422,0.945796,3.72E-18,0.00383526,2.66E-09,0.952458,7.66E-19,4.85E-15
S818,0.41121702,2.41E-12,177.48401,20.765372,0.14982729,0.00310254,2.48E-13,0.0657973,0.989564,1.14E-18,0.00133548,0.00125307,2.33E-18,1,2.48E-13,0.968394,0.985523,5.68E-18,0.0199771,1.09E-09,0.987614,5.33E-18,1.86E-15
S819,0.28746702,1.81E-10,271.23401,25.702872,0.11232729,0.0024631,1.39E-13,0.0496823,0.994154,4.02E-18,0.00210815,0.00196405,3.07E-18,1,1.39E-13,0.789527,0.992132,1.36E-17,0.0378202,9.43E-10,0.992965,1.71E-17,1.56E-15
S820,0.78246702,5.71E-13,396.23401,5.9528724,0.26232729,0.00544012,7.61E-13,0.115831,0.967761,8.95E-20,0.000336566,7.91E-05,1.37E-19,1,7.61E-13,0.948403,0.95085,5.64E-19,0.00283658,2.11E-09,0.962131,3.03E-19,1.73E-15
S821,0.53496702,1.02E-11,208.73401,35.577872,0.33732729,0.00534305,1.26E-12,0.149376,0.947677,1.38E-17,0.0146416,0.000178444,1.74E-17,1,1.26E-12,0.918332,0.937837,1.02E-16,0.112208,2.11E-09,0.938935,1.53E-17,9.74E-14
S822,0.039967022,3.21E-14,333.73401,15.827872,0.18732729,0.00107993,3.88E-13,0.0813079,0.983719,7.57E-19,0.000552984,0.00146212,5.37E-19,1,3.88E-13,0.845508,0.980353,6.11E-18,0.0237929,1.61E-09,0.980762,4.14E-18,3.68E-16
S823,0.10184202,3.71E-10,193.10901,8.4216224,0.39357729,0.00324163,1.71E-12,0.177835,0.9291,1.10E-16,0.0237174,0.000676513,7.69E-17,1,1.71E-12,0.86214,0.925721,6.44E-16,0.341644,3.29E-09,0.920978,9.05E-17,1.14E-13
S824,0.59684202,1.17E-12,318.10901,28.171622,0.24357729,0.00465236,6.55E-13,0.107259,0.972377,8.33E-19,0.00221995,0.000125115,1.12E-18,1,6.55E-13,0.948141,0.962384,7.16E-18,0.0203151,1.77E-09,0.967531,2.73E-18,8.97E-15
S825,0.84434202,2.09E-11,255.60901,18.296622,0.16857729,0.00468012,3.14E-13,0.0749269,0.986746,8.68E-19,0.0015826,0.000385406,1.58E-18,1,3.14E-13,0.858214,0.97966,4.17E-18,0.0154286,1.48E-09,0.984385,3.50E-18,4.09E-15
S826,0.34934202,6.60E-14,380.60901,38.046622,0.31857729,0.00404561,1.12E-12,0.138994,0.952939,6.73E-19,0.00238106,6.47E-05,7.27E-19,1,1.12E-12,0.937429,0.933147,3.97E-18,0.0276606,2.20E-09,0.944561,2.12E-18,1.12E-14
S827,0.47309202,4.95E-12,286.85901,33.109122,0.28107729,0.00455779,8.72E-13,0.123897,0.963508,4.05E-18,0.00596615,0.000161721,4.50E-18,1,8.72E-13,0.940127,0.951741,3.20E-17,0.0531178,1.77E-09,0.95728,7.40E-18,2.78E-14
S828,0.96809202,1.56E-14,161.85901,13.359122,0.13107729,0.00422259,1.90E-13,0.0581481,0.991856,1.21E-19,8.11E-05,0,8.27E-19,1,1.90E-13,0.772647,0.986469,2.88E-20,0.0020994,1.19E-09,0.990272,4.76E-19,8.02E-17
S829,0.72059202,8.80E-11,349.35901,23.234122,0.20607729,0.00495549,4.70E-13,0.0919701,0.980305,2.10E-18,0.00350521,0.000234316,2.94E-18,1,4.70E-13,0.92404,0.973667,1.48E-17,0.0295422,1.82E-09,0.976997,6.28E-18,1.26E-14
S830,0.22559202,2.78E-13,224.35901,3.4841224,0.35607729,0.00350147,1.40E-12,0.155313,0.941709,5.85E-19,0.000743512,0.00014496,4.95E-19,1,1.40E-12,0.930312,0.919155,7.39E-18,0.00866323,2.34E-09,0.931511,8.65E-19,3.42E-15
S831,0.21785765,2.83E-10,339.59339,27.863029,0.28810854,0.00365899,9.16E-13,0.129092,0.961715,2.70E-17,0.0171577,0.000507246,3.37E-17,1,9.16E-13,0.955515,0.930077,2.27E-16,0.188489,1.89E-09,0.956651,4.19E-17,6.65E-14
S832,0.71285765,8.96E-13,214.59339,8.1130286,0.13810854,0.00381617,2.10E-13,0.0609388,0.991078,1.85E-19,0.000217965,0.00191325,5.96E-19,1,2.10E-13,0.867345,0.9857,4.26E-19,0.00321862,1.22E-09,0.989369,8.20E-19,3.11E-16
S833,0.96035765,1.59E-11,277.09339,37.738029,0.21310854,0.00555009,5.01E-13,0.094917,0.978794,1.88E-18,0.00445196,0.00016312,3.02E-18,1,5.01E-13,0.894046,0.967244,1.19E-17,0.0358594,1.94E-09,0.975146,6.02E-18,1.85E-14
S834,0.46535765,5.04E-14,152.09339,17.988029,0.36310854,0.00493731,1.46E-12,0.158687,0.93901,8.25E-19,0.00313771,4.77E-05,9.92E-19,1,1.46E-12,0.937171,0.902294,4.59E-18,0.0306402,2.49E-09,0.928123,2.00E-18,2.08E-14
S835,0.34160765,3.78E-12,245.84339,13.050529,0.32560854,0.00420428,1.17E-12,0.143184,0.951244,3.63E-18,0.00373649,0.000192505,3.62E-18,1,1.17E-12,0.919484,0.944081,3.04E-17,0.0360254,2.04E-09,0.942967,4.77E-18,1.88E-14
S836,0.83660765,1.19E-14,370.84339,32.800529,0.17560854,0.00451666,3.41E-13,0.0772174,0.985382,1.12E-19,0.000277812,0.00100386,6.19E-19,1,3.41E-13,0.900373,0.97535,2.34E-20,0.0036888,1.65E-09,0.982704,5.42E-19,6.16E-16
S837,0.58910765,6.72E-11,183.34339,3.1755286,0.39621401,0.00628232,1.73E-12,0.177315,0.928337,5.17E-18,0.00324364,0.000241578,7.25E-18,1,1.73E-12,0.802151,0.918272,3.07E-17,0.0227241,3.34E-09,0.917036,3.90E-18,3.00E-14
S838,0.094107647,2.12E-13,308.34339,22.925529,0.25060854,0.00192393,6.94E-13,0.108996,0.970973,1.89E-18,0.00209901,0.000310142,1.12E-18,1,6.94E-13,0.948186,0.962173,2.83E-17,0.0417026,1.57E-09,0.965864,6.17E-18,3.61E-15
S839,0.032232647,3.27E-11,198.96839,30.331779,0.15685854,0.0010268,2.72E-13,0.0692411,0.988565,2.97E-17,0.00875475,0.00171119,8.04E-18,1,2.72E-13,0.861669,0.986125,2.92E-16,0.364528,1.31E-09,0.986835,1.15E-16,4.70E-15
S840,0.52723265,1.03E-13,323.96839,10.581779,0.30685854,0.00483935,1.04E-12,0.13448,0.956165,1.76E-19,0.000723308,5.79E-05,2.28E-19,1,1.04E-12,0.935704,0.94128,8.57E-19,0.00711497,2.12E-09,0.948399,5.65E-19,3.93E-15
S841,0.77473265,5.82E-10,261.46839,20.456779,0.38185854,0.0073949,1.61E-12,0.173475,0.933417,3.15E-17,0.0228261,0.000266788,6.38E-17,1,1.61E-12,0.894371,0.916257,1.82E-16,0.136016,3.36E-09,0.923713,2.76E-17,2.39E-13
S842,0.27973265,1.84E-12,386.46839,0.70677863,0.23185854,0.00319953,5.94E-13,0.101547,0.975122,3.58E-20,5.77E-05,0,3.47E-20,1,5.94E-13,0.9516,0.9666,3.40E-19,0.000723818,1.58E-09,0.97078,1.18E-19,1.51E-16
S843,0.40348265,1.38E-10,292.71839,5.6442786,0.19435854,0.00376807,4.17E-13,0.086385,0.982564,1.02E-18,0.00122301,0.000359841,1.12E-18,1,4.17E-13,0.948973,0.978281,8.03E-18,0.0135063,1.70E-09,0.979773,3.28E-18,3.12E-15
S844,0.89848265,4.36E-13,167.71839,25.394279,0.34435854,0.00661363,1.31E-12,0.152172,0.944721,1.61E-18,0.00519753,5.43E-05,2.38E-18,1,1.31E-12,0.9255,0.926543,1.24E-17,0.0358569,2.52E-09,0.935202,2.90E-18,4.39E-14
S845,0.65098265,7.76E-12,355.21839,15.519279,0.26935854,0.00519675,8.02E-13,0.119258,0.96634,1.16E-18,0.00213149,0.000139887,1.52E-18,1,8.02E-13,0.902025,0.962555,8.29E-18,0.0177649,2.24E-09,0.960588,2.40E-18,1.08E-14
S846,0.15598265,2.45E-14,230.21839,35.269279,0.11935854,0.00169739,1.58E-13,0.052094,0.993349,8.77E-19,0.000206084,0,2.37E-18,1,1.58E-13,0.976602,0.990482,5.11E-19,0.0143546,8.46E-10,0.991957,4.04E-18,7.16E-17
S847,0.18692015,1.11E-11,331.78089,4.4099036,0.37248354,0.00347244,1.53E-12,0.164552,0.936519,3.97E-18,0.00190757,0.000389319,3.56E-18,1,1.53E-12,0.915901,0.923407,2.95E-17,0.0215979,2.27E-09,0.92647,3.60E-18,9.13E-15
S848,0.68192015,3.51E-14,206.78089,24.159904,0.22248354,0.00463934,5.47E-13,0.0977611,0.97671,2.19E-19,0.000942747,0.000194973,6.42E-19,1,5.47E-13,0.958177,0.962585,1.91E-19,0.0104921,1.74E-09,0.972525,1.16E-18,3.29E-15
S849,0.92942015,1.98E-10,394.28089,14.284904,0.14748354,0.00473115,2.40E-13,0.0660002,0.989909,7.34E-19,0.00107609,0.000457785,1.09E-18,1,2.40E-13,0.761364,0.983893,3.31E-18,0.00955292,1.28E-09,0.988096,2.98E-18,2.39E-15
S850,0.43442015,6.25E-13,269.28089,34.034904,0.29748354,0.00440785,9.78E-13,0.130502,0.958999,2.06E-18,0.00439389,0.000108396,2.28E-18,1,9.78E-13,0.955863,0.920184,2.11E-17,0.0420022,2.15E-09,0.951816,4.55E-18,2.10E-14
S851,0.31067015,8.33E-10,175.53089,38.972404,0.25998354,0.00427392,7.47E-13,0.11721,0.968745,6.92E-17,0.04678,0.000433172,8.26E-17,1,7.47E-13,0.925191,0.964017,5.45E-16,0.481653,2.23E-09,0.964715,1.16E-16,1.91E-13
S852,0.80567015,2.64E-12,300.53089,19.222404,0.10998354,0.00365366,1.34E-13,0.0488197,0.994307,3.86E-19,0.000217269,0,1.26E-18,1,1.34E-13,0.761701,0.989665,7.02E-19,0.00435348,1.01E-09,0.993085,1.57E-18,1.64E-16
S853,0.55817015,4.69E-11,238.03089,29.097404,0.18498354,0.00413643,3.77E-13,0.0820624,0.984179,3.16E-18,0.00469151,0.000329868,4.03E-18,1,3.77E-13,0.948318,0.979165,2.31E-17,0.048279,1.67E-09,0.981484,1.11E-17,1.22E-14
S854,0.063170147,1.48E-13,363.03089,9.3474036,0.11847963,0.00109388,1.55E-13,0.0515321,0.993476,4.57E-19,0.000101105,0,5.50E-19,1,1.55E-13,0.782381,0.991812,1.17E-18,0.00642326,1.02E-09,0.992153,2.19E-18,2.80E-17
S855,0.12504515,9.62E-11,222.40589,16.753654,0.24123354,0.00248465,6.42E-13,0.107262,0.973096,1.66E-17,0.00958272,0.00061535,1.28E-17,1,6.42E-13,0.953389,0.962195,1.71E-16,0.153658,1.50E-09,0.969342,3.57E-17,2.08E-14
S856,0.62004515,3.04E-13,347.40589,36.503654,0.39123354,0.00593203,1.69E-12,0.171889,0.929463,2.02E-18,0.00468831,7.15E-05,2.89E-18,1,1.69E-12,0.92276,0.900711,1.62E-17,0.0344012,2.67E-09,0.917147,2.69E-18,4.04E-14
S857,0.86754515,5.41E-12,159.90589,6.8786536,0.31623354,0.00638062,1.10E-12,0.140507,0.953537,1.37E-18,0.0024026,0.000105505,1.89E-18,1,1.10E-12,0.910772,0.937409,1.06E-17,0.0168137,2.89E-09,0.945658,1.94E-18,1.79E-14
S858,0.37254515,1.71E-14,284.90589,26.628654,0.16623354,0.00301249,3.05E-13,0.0726089,0.987075,2.29E-19,0.000359143,0.00162131,8.27E-19,1,3.05E-13,0.963522,0.982672,9.56E-20,0.00712033,1.23E-09,0.984626,1.20E-18,5.10E-16
S859,0.49629515,2.28E-11,378.65589,21.691154,0.28019838,0.00477285,8.67E-13,0.124262,0.963797,3.70E-18,0.00433793,0.000212043,4.49E-18,1,8.67E-13,0.92025,0.963123,2.68E-17,0.0356616,1.85E-09,0.957794,5.92E-18,2.12E-14
S860,0.99129515,7.22E-14,253.65589,1.9411536,0.27873354,0.00618418,8.59E-13,0.123354,0.963308,1.56E-20,0.000106609,5.29E-05,3.51E-20,1,8.59E-13,0.930022,0.949094,2.58E-20,0.000871472,2.74E-09,0.956974,6.97E-20,6.63E-16
S861,0.74379515,4.06E-10,316.15589,31.566154,0.35373354,0.00689119,1.38E-12,0.159944,0.942754,2.76E-17,0.0229573,0.000267721,5.55E-17,1,1.38E-12,0.899303,0.929558,1.70E-16,0.143775,3.08E-09,0.934241,2.74E-17,2.07E-13
S862,0.24879515,1.28E-12,191.15589,11.816154,0.20373354,0.00283008,4.59E-13,0.0891866,0.980756,9.10E-19,0.00140325,0.00036754,1.02E-18,1,4.59E-13,0.957575,0.973821,9.68E-18,0.0204492,1.42E-09,0.977339,3.81E-18,2.78E-15
S863,0.2333264,1.91E-11,265.37464,9.9645911,0.25529604,0.00321628,7.20E-13,0.112668,0.969931,3.05E-18,0.00281961,0.000327661,2.73E-18,1,7.20E-13,0.940614,0.96425,3.05E-17,0.0334729,1.58E-09,0.965073,6.39E-18,8.35E-15
S864,0.7283264,6.03E-14,390.37464,29.714591,0.10529604,0.0033352,1.23E-13,0.0465093,0.994784,1.88E-19,4.77E-06,0,1.02E-18,1,1.23E-13,0.789618,0.991356,5.30E-20,0.00236059,9.46E-10,0.993617,7.45E-19,7.91E-19
S865,0.9758264,3.39E-10,202.87464,19.839591,0.18029604,0.00542496,3.59E-13,0.0811413,0.984909,3.14E-18,0.00514205,0.000253174,4.38E-18,1,3.59E-13,0.795444,0.975687,2.18E-17,0.0392068,1.58E-09,0.982372,1.03E-17,1.73E-14
S866,0.4808264,1.07E-12,327.87464,39.589591,0.33029604,0.0048917,1.21E-12,0.145176,0.949592,3.24E-18,0.00574502,0.000113691,3.89E-18,1,1.21E-12,0.933072,0.930051,2.95E-17,0.04868,2.29E-09,0.940838,5.16E-18,3.42E-14
S867,0.3570764,8.04E-11,359.12464,34.652091,0.36779604,0.00488035,1.49E-12,0.164182,0.938147,3.47E-17,0.0191454,0.000342789,4.37E-17,1,1.49E-12,0.819328,0.933891,2.09E-16,0.168957,3.10E-09,0.928838,2.99E-17,1.28E-13
S868,0.8520764,2.54E-13,234.12464,14.902091,0.21779604,0.00513312,5.23E-13,0.0962109,0.977723,2.00E-19,0.000766169,0.000171831,5.08E-19,1,5.23E-13,0.935234,0.970618,5.13E-19,0.00747481,2.02E-09,0.973796,9.12E-19,2.95E-15
S869,0.6045764,4.52E-12,296.62464,24.777091,0.14279604,0.0036519,2.26E-13,0.0630931,0.990483,7.08E-19,0.000891678,0.00128211,1.74E-18,1,2.26E-13,0.903052,0.986265,2.68E-18,0.0120523,1.24E-09,0.988677,3.26E-18,1.36E-15
S870,0.1095764,1.43E-14,171.62464,5.0270911,0.29279604,0.0021933,9.47E-13,0.126989,0.960324,2.35E-19,0.000543403,0.000144144,1.82E-19,1,9.47E-13,0.940602,0.947565,1.73E-18,0.0117644,1.77E-09,0.95318,1.00E-18,1.26E-15
S871,0.047701397,6.96E-10,280.99964,12.433341,0.12404604,0.00134025,1.70E-13,0.0548767,0.992888,1.30E-17,0.00357142,0.00221814,4.35E-18,1,1.70E-13,0.561579,0.990922,9.62E-17,0.11048,1.04E-09,0.991699,4.94E-17,1.96E-15
S872,0.5427014,2.20E-12,155.99964,32.183341,0.27404604,0.00475113,8.30E-13,0.12074,0.965177,4.02E-18,0.00792016,0.000126386,4.73E-18,1,8.30E-13,0.913938,0.967377,4.30E-17,0.0700805,1.92E-09,0.959138,9.03E-18,3.74E-14
S873,0.7902014,3.92E-11,343.49964,2.5583411,0.34904604,0.00662244,1.35E-12,0.156057,0.943912,8.47E-19,0.000864471,0.000184038,1.37E-18,1,1.35E-12,0.88077,0.934186,4.85E-18,0.00560431,2.99E-09,0.934735,8.12E-19,7.42E-15
S874,0.2952014,1.24E-13,218.49964,22.308341,0.19904604,0.00297025,4.38E-13,0.0868663,0.98155,5.21E-19,0.00113124,0.000453542,1.01E-18,1,4.38E-13,0.957969,0.975792,2.22E-18,0.0183977,1.36E-09,0.978189,2.77E-18,2.22E-15
S875,0.4189514,9.28E-12,187.24964,27.245841,0.23654604,0.00399478,6.19E-13,0.104373,0.974091,4.25E-18,0.0065429,0.000213273,4.70E-18,1,6.19E-13,0.948305,0.965817,4.11E-17,0.0657961,1.50E-09,0.969665,1.15E-17,2.21E-14
S876,0.9139514,2.94E-14,312.24964,7.4958411,0.38654604,0.00696582,1.65E-12,0.170261,0.930313,6.75E-20,0.000519034,2.11E-05,1.10E-19,1,1.65E-12,0.895756,0.92258,1.76E-19,0.0037548,2.89E-09,0.91817,1.94E-19,5.21E-15
S877,0.6664514,1.65E-10,249.74964,37.120841,0.31154604,0.00599772,1.07E-12,0.139819,0.955426,2.22E-17,0.0215877,0.000244746,3.63E-17,1,1.07E-12,0.901737,0.946631,1.59E-16,0.153025,2.67E-09,0.948531,2.70E-17,1.48E-13
S878,0.1714514,5.22E-13,374.74964,17.370841,0.16154604,0.00209235,2.88E-13,0.0704775,0.987929,5.48E-19,0.000536794,0.00142426,8.04E-19,1,2.88E-13,0.967455,0.983464,3.52E-18,0.0109096,1.07E-09,0.985706,2.76E-18,5.65E-16
S879,0.1405139,2.37E-10,163.81214,23.542716,0.33967104,0.00329399,1.28E-12,0.15268,0.946814,1.43E-16,0.0453347,0.000591851,1.12E-16,1,1.28E-12,0.936797,0.922426,1.00E-15,0.59364,2.10E-09,0.940183,1.43E-16,1.89E-13
S880,0.6355139,7.48E-13,288.81214,3.7927161,0.18967104,0.00422706,3.98E-13,0.0836193,0.983182,6.74E-20,0.000169003,0.000345333,1.56E-19,1,3.98E-13,0.959781,0.974485,3.30E-19,0.00192108,1.84E-09,0.980136,3.18E-19,4.53E-16
S881,0.8830139,1.33E-11,226.31214,33.417716,0.11467104,0.00392373,1.45E-13,0.0508822,0.993857,1.31E-18,0.00100729,0.00325486,3.44E-18,1,1.45E-13,0.7393,0.989839,2.83E-18,0.0150918,1.02E-09,0.992591,5.34E-18,1.06E-15
S882,0.3880139,4.21E-14,351.31214,13.667716,0.26467104,0.00387079,7.73E-13,0.115536,0.967433,1.32E-19,0.00055384,0.000102321,2.07E-19,1,7.73E-13,0.942811,0.956104,4.00E-19,0.00703378,1.91E-09,0.961598,6.39E-19,2.02E-15
S883,0.2642639,5.61E-11,320.06214,18.605216,0.30217104,0.00381641,1.01E-12,0.134233,0.957983,1.18E-17,0.00784202,0.000374199,1.24E-17,1,1.01E-12,0.848615,0.949825,8.99E-17,0.08708,2.57E-09,0.95159,1.54E-17,3.32E-14
S884,0.7592639,1.77E-13,195.06214,38.355216,0.15217104,0.00409014,2.56E-13,0.0672357,0.989089,5.93E-19,0.000894955,0.00173628,2.66E-18,1,2.56E-13,0.884664,0.98066,5.02E-19,0.013551,1.41E-09,0.987032,2.67E-18,1.53E-15
S885,0.5117639,9.98E-10,382.56214,8.7302161,0.22717104,0.00488908,5.70E-13,0.102454,0.976154,2.88E-18,0.00325364,0.00035278,4.60E-18,1,5.70E-13,0.893886,0.970206,2.10E-17,0.0276553,1.92E-09,0.972807,6.81E-18,1.30E-14
S886,0.016763897,3.15E-12,257.56214,28.480216,0.10617494,0.000572272,1.25E-13,0.0464912,0.994757,1.33E-17,0.00141708,0,3.54E-18,1,1.25E-13,0.562113,0.993382,5.59E-17,0.128022,8.91E-10,0.993694,5.75E-17,2.02E-16
S887,0.078638897,6.48E-12,398.18714,35.886466,0.20842104,0.0017025,4.80E-13,0.0914502,0.979935,7.41E-18,0.00454624,0.000666487,3.75E-18,1,4.80E-13,0.957838,0.973077,7.76E-17,0.098768,1.29E-09,0.976664,2.32E-17,5.63E-15
S888,0.5736389,2.05E-14,273.18714,16.136466,0.35842104,0.00539138,1.42E-12,0.156739,0.940395,1.63E-19,0.00114902,2.89E-05,2.36E-19,1,1.42E-12,0.939984,0.899825,5.00E-19,0.0106016,2.53E-09,0.929816,6.05E-19,8.18E-15
S889,0.8211389,1.15E-10,335.68714,26.011466,0.28342104,0.00619396,8.88E-13,0.127164,0.962909,6.48E-18,0.00791793,0.000204249,1.04E-17,1,8.88E-13,0.93624,0.946418,4.19E-17,0.0549595,2.72E-09,0.956943,9.28E-18,5.10E-14
S890,0.3261389,3.64E-13,210.68714,6.2614661,0.13342104,0.00258345,1.96E-13,0.0583459,0.991727,1.98E-19,0.000146652,0,5.26E-19,1,1.96E-13,0.974308,0.987433,4.90E-19,0.00331977,9.74E-10,0.990104,9.36E-19,1.30E-16
S891,0.4498889,4.86E-10,241.93714,1.3239661,0.17092104,0.00385732,3.23E-13,0.0763941,0.98649,3.33E-19,0.000368792,0.00040947,3.40E-19,1,3.23E-13,0.861404,0.981867,2.27E-18,0.00397328,1.44E-09,0.984376,1.18E-18,8.30E-16
S892,0.9448889,1.54E-12,366.93714,21.073966,0.32092104,0.00659548,1.14E-12,0.142343,0.951967,8.51E-19,0.00233379,7.36E-05,1.34E-18,1,1.14E-12,0.924585,0.926656,6.43E-18,0.0159684,3.12E-09,0.943781,1.50E-18,1.83E-14
S893,0.6973889,2.73E-11,179.43714,11.198966,0.39592104,0.00663664,1.73E-12,0.176697,0.928277,1.14E-17,0.00870919,0.000191177,1.63E-17,1,1.73E-12,0.818108,0.921922,6.66E-17,0.0579036,3.37E-09,0.916512,8.74E-18,8.51E-14
S894,0.2023889,8.64E-14,304.43714,30.948966,0.24592104,0.00274394,6.69E-13,0.107025,0.971917,7.36E-19,0.00178866,0.00019371,8.26E-19,1,6.69E-13,0.949146,0.962139,6.14E-18,0.029502,1.68E-09,0.966866,3.46E-18,4.26E-15
S895,0.19852171,1.21E-10,239.00745,13.822013,0.36428041,0.00381577,1.47E-12,0.162987,0.939194,3.83E-17,0.0152429,0.00048574,3.82E-17,1,1.47E-12,0.925324,0.91996,2.61E-16,0.165876,2.20E-09,0.930808,3.49E-17,7.86E-14
S896,0.69352171,3.81E-13,364.00745,33.572013,0.21428041,0.00464226,5.07E-13,0.0943531,0.978539,3.72E-19,0.00126484,0.000193637,8.39E-19,1,5.07E-13,0.955059,0.967705,1.50E-18,0.0130911,1.73E-09,0.974704,1.74E-18,4.33E-15
S897,0.94102171,6.78E-12,176.50745,3.947013,0.13928041,0.0044174,2.14E-13,0.0618999,0.990893,1.62E-19,0.000220095,0.00111875,4.34E-19,1,2.14E-13,0.784807,0.985478,6.00E-19,0.00246161,1.23E-09,0.989168,6.82E-19,3.88E-16
S898,0.44602171,2.14E-14,301.50745,23.697013,0.28928041,0.00430677,9.25E-13,0.126271,0.960989,1.84E-19,0.00108601,6.09E-05,2.97E-19,1,9.25E-13,0.929047,0.954457,4.23E-19,0.0125397,2.06E-09,0.953961,9.68E-19,4.88E-15
S899,0.32227171,2.86E-11,395.25745,28.634513,0.25178041,0.00373366,7.00E-13,0.111276,0.970784,5.10E-18,0.00536508,0.000292192,5.30E-18,1,7.00E-13,0.961575,0.945766,4.25E-17,0.0547565,1.66E-09,0.96606,1.06E-17,1.81E-14
S900,0.81727171,9.04E-14,270.25745,8.884513,0.10178041,0.00346104,1.14E-13,0.0450243,0.995146,8.49E-20,0,0,4.54E-19,1,1.14E-13,0.75012,0.990827,2.77E-20,0.000973368,9.53E-10,0.994029,3.21E-19,6.40E-20
S901,0.56977171,5.08E-10,332.75745,38.509513,0.17678041,0.00434515,3.45E-13,0.0792134,0.98555,6.01E-18,0.00784707,0.000345906,7.17E-18,1,3.45E-13,0.850987,0.979865,3.93E-17,0.0739488,1.50E-09,0.983235,2.11E-17,2.07E-14
S902,0.074771709,1.61E-12,207.75745,18.759513,0.12258119,0.00124164,1.66E-13,0.0535153,0.993041,2.84E-18,0.00086697,0.00742084,2.52E-18,1,1.66E-13,0.953505,0.992581,1.07E-17,0.037724,1.05E-09,0.991675,1.31E-17,3.40E-16
S903,0.012896709,3.30E-12,317.13245,6.415763,0.23303041,0.000756611,6.00E-13,0.102589,0.974891,7.77E-18,0.00176499,0.00167943,1.87E-18,1,6.00E-13,0.912478,0.973415,1.04E-16,0.101353,1.95E-09,0.971113,1.98E-17,1.11E-15
S904,0.50789671,1.04E-14,192.13245,26.165763,0.38303041,0.00526167,1.62E-12,0.167513,0.932123,3.60E-19,0.00263405,2.85E-05,5.59E-19,1,1.62E-12,0.922118,0.899485,9.87E-19,0.0250772,2.90E-09,0.919945,1.31E-18,1.97E-14
S905,0.75539671,5.87E-11,379.63245,16.290763,0.30803041,0.00614509,1.05E-12,0.137784,0.956275,3.83E-18,0.00442301,0.000193691,5.97E-18,1,1.05E-12,0.911658,0.944924,2.37E-17,0.0305593,2.71E-09,0.949181,4.71E-18,3.08E-14
S906,0.26039671,1.86E-13,254.63245,36.040763,0.15803041,0.00250591,2.75E-13,0.0689505,0.988407,9.00E-19,0.00103695,0.0015258,1.89E-18,1,2.75E-13,0.967672,0.983855,2.95E-18,0.0209279,1.11E-09,0.986249,4.54E-18,1.24E-15
S907,0.38414671,2.47E-10,160.88245,31.103263,0.33410463,0.00498984,1.23E-12,0.149983,0.948809,7.42E-17,0.0431053,0.000342026,9.08E-17,1,1.23E-12,0.848803,0.939776,5.06E-16,0.384075,2.82E-09,0.941519,7.68E-17,2.66E-13
S908,0.87914671,7.83E-13,285.88245,11.353263,0.27053041,0.0058366,8.08E-13,0.119706,0.965729,2.76E-19,0.000991152,7.33E-05,4.16E-19,1,8.08E-13,0.942999,0.946535,1.94E-18,0.00789427,2.72E-09,0.959812,8.11E-19,5.68E-15
S909,0.63164671,1.39E-11,223.38245,21.228263,0.34553041,0.00585981,1.32E-12,0.153462,0.94503,8.10E-18,0.00884535,0.000169486,1.12E-17,1,1.32E-12,0.880126,0.952199,5.67E-17,0.0640387,2.52E-09,0.935872,8.54E-18,6.63E-14
S910,0.13664671,4.40E-14,348.38245,1.478263,0.19553041,0.00201433,4.22E-13,0.0848747,0.982257,2.67E-20,4.23E-05,0,4.18E-20,1,4.22E-13,0.958902,0.977274,1.09E-19,0.00102194,1.24E-09,0.978976,1.56E-19,5.47E-17
S911,0.16758421,1.99E-11,184.31995,39.743888,0.29865541,0.00299222,9.85E-13,0.131887,0.958993,4.58E-17,0.0244156,0.000411154,3.29E-17,1,9.85E-13,0.933427,0.950066,4.04E-16,0.329149,1.84E-09,0.952617,5.97E-17,7.99E-14
S912,0.66258421,6.31E-14,309.31995,19.993888,0.14865541,0.00377918,2.45E-13,0.0655115,0.989592,1.59E-19,0.00020873,0.00254131,7.59E-19,1,2.45E-13,0.919015,0.984568,7.06E-20,0.00373109,1.31E-09,0.987602,7.35E-19,2.99E-16
S913,0.91008421,3.55E-10,246.81995,29.868888,0.22365541,0.00588829,5.52E-13,0.100737,0.976874,6.28E-18,0.0102296,0.000223626,1.08E-17,1,5.52E-13,0.86744,0.966929,4.98E-17,0.0719848,1.94E-09,0.973158,1.58E-17,4.82E-14
S914,0.41508421,1.12E-12,371.81995,10.118888,0.37365541,0.00485916,1.54E-12,0.164128,0.935858,1.35E-18,0.00173013,0.000138001,1.61E-18,1,1.54E-12,0.919818,0.915716,1.12E-17,0.0144409,2.48E-09,0.924767,1.54E-18,1.16E-14
S915,0.29133421,8.41E-11,278.06995,5.181388,0.33615541,0.00425956,1.25E-12,0.149726,0.948173,5.99E-18,0.00335299,0.000380696,6.76E-18,1,1.25E-12,0.8405,0.940049,4.15E-17,0.0340035,2.84E-09,0.940473,6.14E-18,1.77E-14
S916,0.78633421,2.66E-13,153.06995,24.931388,0.18615541,0.00458213,3.83E-13,0.082066,0.983714,5.24E-19,0.00142637,0.000426812,1.69E-18,1,3.83E-13,0.922024,0.976272,1.02E-18,0.01625,1.72E-09,0.98076,2.50E-18,3.96E-15
S917,0.53883421,4.73E-12,340.56995,15.056388,0.35549135,0.00544073,1.40E-12,0.157027,0.941869,2.89E-18,0.00343352,0.000154748,3.80E-18,1,1.40E-12,0.928993,0.917236,1.91E-17,0.0260762,2.27E-09,0.931996,3.20E-18,2.46E-14
S918,0.043834209,1.50E-14,215.56995,34.806388,0.26115541,0.00132091,7.52E-13,0.113044,0.968511,2.64E-18,0.00305033,0.000345536,1.30E-18,1,7.52E-13,0.888221,0.965657,3.20E-17,0.10735,2.29E-09,0.962856,1.13E-17,3.75E-15
S919,0.10570921,7.28E-10,356.19495,22.462638,0.16740541,0.00216692,3.09E-13,0.0746444,0.987004,1.39E-17,0.00753896,0.000928186,8.93E-18,1,3.09E-13,0.744074,0.983587,1.20E-16,0.142585,1.40E-09,0.985299,4.73E-17,9.62E-15
S920,0.60070921,2.30E-12,231.19495,2.712638,0.31740541,0.00536045,1.11E-12,0.140066,0.953362,3.44E-19,0.000590107,0.000115467,4.27E-19,1,1.11E-12,0.899918,0.956382,3.06E-18,0.00458539,2.20E-09,0.945341,5.28E-19,3.70E-15
S921,0.84820921,4.10E-11,293.69495,32.337638,0.39240541,0.00725596,1.70E-12,0.17584,0.929402,1.74E-17,0.015858,0.000184702,3.10E-17,1,1.70E-12,0.869929,0.916974,9.54E-17,0.0951726,3.35E-09,0.917898,1.40E-17,1.68E-13
S922,0.35320921,1.29E-13,168.69495,12.587638,0.24240541,0.0035649,6.49E-13,0.105823,0.97266,3.97E-19,0.00121615,0.000151359,5.60E-19,1,6.49E-13,0.9496,0.963408,2.55E-18,0.0160053,1.66E-09,0.967749,1.84E-18,3.70E-15
S923,0.47695921,9.71E-12,262.44495,17.525138,0.20490541,0.0039419,4.62E-13,0.0903327,0.980612,1.33E-18,0.00217285,0.000265575,1.61E-18,1,4.62E-13,0.924483,0.979124,9.84E-18,0.0234631,1.59E-09,0.977247,4.45E-18,6.08E-15
S924,0.97195921,3.07E-14,387.44495,37.275138,0.35490541,0.00687236,1.39E-12,0.156584,0.940992,2.09E-19,0.00175102,2.22E-05,3.51E-19,1,1.39E-12,0.923524,0.921139,3.85E-19,0.0128663,2.72E-09,0.930822,7.17E-19,1.58E-14
S925,0.72445921,1.73E-10,199.94495,7.650138,0.27990541,0.00589155,8.66E-13,0.125626,0.963855,4.01E-18,0.00444271,0.000229156,6.15E-18,1,8.66E-13,0.928735,0.950787,3.00E-17,0.0325243,2.57E-09,0.958157,5.93E-18,2.68E-14
S926,0.22945921,5.46E-13,324.94495,27.400138,0.12990541,0.00217138,1.87E-13,0.0568663,0.992142,8.09E-19,0.000486806,0.00458271,1.64E-18,1,1.87E-13,0.970301,0.990241,2.50E-18,0.0122051,9.15E-10,0.990594,3.83E-18,3.57E-16
S927,0.24492796,8.11E-12,383.5387,34.189201,0.33146791,0.00368212,1.21E-12,0.146043,0.949618,1.24E-17,0.00870608,0.000292668,1.14E-17,1,1.21E-12,0.943567,0.91819,9.44E-17,0.091567,2.08E-09,0.941407,1.40E-17,3.91E-14
S928,0.73992796,2.57E-14,258.5387,14.439201,0.18146791,0.00435012,3.63E-13,0.0797551,0.984553,9.56E-20,0.000247928,0.000698695,4.20E-19,1,3.63E-13,0.937016,0.980645,3.70E-20,0.00322978,1.59E-09,0.981722,4.70E-19,6.01E-16
S929,0.98742796,1.44E-10,321.0387,24.314201,0.10646791,0.00408818,1.25E-13,0.0475363,0.994732,1.15E-18,0.000873592,0.00215189,1.94E-18,1,1.25E-13,0.671254,0.991318,2.55E-18,0.0107526,9.39E-10,0.993581,4.67E-18,9.02E-16
S930,0.49242796,4.56E-13,196.0387,4.5642005,0.25646791,0.00432945,7.27E-13,0.112486,0.9694,1.82E-19,0.00053647,0.000115825,2.47E-19,1,7.27E-13,0.946916,0.958173,1.80E-18,0.00540403,1.80E-09,0.963976,6.46E-19,2.13E-15
S931,0.36867796,6.08E-10,227.2887,9.5017005,0.29396791,0.00479339,9.54E-13,0.13256,0.960176,1.36E-17,0.00961291,0.000392758,1.96E-17,1,9.54E-13,0.894609,0.957808,1.03E-16,0.0872005,2.45E-09,0.954873,1.91E-17,4.99E-14
S932,0.86367796,1.92E-12,352.2887,29.251701,0.14396791,0.00427477,2.29E-13,0.0638371,0.990275,4.35E-19,0.00063644,0.00116452,1.32E-18,1,2.29E-13,0.827373,0.983982,1.26E-18,0.0077013,1.28E-09,0.988445,1.91E-18,1.13E-15
S933,0.61617796,3.42E-11,164.7887,19.376701,0.21896791,0.004678,5.30E-13,0.0972407,0.977791,3.66E-18,0.0057011,0.000213478,4.41E-18,1,5.30E-13,0.947536,0.969012,3.04E-17,0.0531336,2.03E-09,0.974023,9.95E-18,2.06E-14
S934,0.12117796,1.08E-13,289.7887,39.126701,0.36896791,0.00261823,1.50E-12,0.160342,0.937588,6.43E-18,0.00641112,0.00018192,4.15E-18,1,1.50E-12,0.923462,0.918948,8.97E-17,0.0988845,2.39E-09,0.926639,9.33E-18,2.28E-14
S935,0.059302959,7.02E-11,180.4137,26.782951,0.20021791,0.00159249,4.42E-13,0.0887625,0.981405,3.59E-17,0.0148253,0.000954495,1.60E-17,1,4.42E-13,0.966035,0.969726,4.02E-16,0.374548,1.27E-09,0.978828,1.03E-16,1.67E-14
S936,0.55430296,2.22E-13,305.4137,7.0329505,0.35021791,0.00531537,1.36E-12,0.153703,0.943187,2.86E-19,0.000790276,6.65E-05,3.61E-19,1,1.36E-12,0.939286,0.90942,2.24E-18,0.00659903,2.34E-09,0.9332,5.33E-19,5.44E-15
S937,0.80180296,3.95E-12,242.9137,36.657951,0.27521791,0.00572576,8.37E-13,0.121948,0.964723,2.60E-18,0.00606802,0.000102103,3.55E-18,1,8.37E-13,0.933515,0.949017,2.17E-17,0.0471128,2.61E-09,0.958681,5.66E-18,3.48E-14
S938,0.30680296,1.25E-14,367.9137,16.907951,0.31330385,0.00373444,1.08E-12,0.136255,0.954485,1.35E-19,0.00071792,5.51E-05,1.68E-19,1,1.08E-12,0.935958,0.938357,3.94E-19,0.00949487,2.14E-09,0.946246,6.59E-19,3.06E-15
S939,0.43055296,1.67E-11,336.6637,11.970451,0.16271791,0.00338958,2.93E-13,0.0718445,0.987706,6.40E-19,0.000841492,0.000582013,8.75E-19,1,2.93E-13,0.960782,0.983589,3.53E-18,0.0110218,1.44E-09,0.9855,2.76E-18,1.50E-15
S940,0.92555296,5.27E-14,211.6637,31.720451,0.31271791,0.00632775,1.08E-12,0.138095,0.953994,3.39E-19,0.00247408,3.40E-05,6.11E-19,1,1.08E-12,0.936676,0.928261,6.68E-19,0.0196468,2.54E-09,0.946003,1.35E-18,1.80E-14
S941,0.67805296,2.96E-10,399.1637,2.0954505,0.38771791,0.00688732,1.66E-12,0.175127,0.931437,1.92E-18,0.00135691,0.000278662,3.75E-18,1,1.66E-12,0.857552,0.925845,1.06E-17,0.00846687,3.26E-09,0.921232,1.61E-18,1.35E-14
S942,0.18305296,9.37E-13,274.1637,21.845451,0.23771791,0.00262605,6.23E-13,0.103801,0.973924,1.91E-18,0.00248818,0.000274447,1.51E-18,1,6.23E-13,0.951813,0.964346,2.30E-17,0.0374406,1.60E-09,0.969356,6.00E-18,5.51E-15
S943,0.15211546,4.25E-10,297.6012,18.142326,0.26584291,0.00310235,7.81E-13,0.119361,0.96726,2.59E-17,0.0138965,0.000642492,2.71E-17,1,7.81E-13,0.94714,0.95338,2.33E-16,0.180885,1.69E-09,0.963225,4.50E-17,4.22E-14
S944,0.64711546,1.34E-12,172.6012,37.892326,0.11584291,0.00335956,1.48E-13,0.051143,0.993716,1.33E-18,0.000764727,0.00747864,4.42E-18,1,1.48E-13,0.836207,0.989177,2.58E-18,0.0164314,1.04E-09,0.992403,5.49E-18,5.91E-16
S945,0.89461546,2.39E-11,360.1012,8.2673255,0.19084291,0.00511401,4.02E-13,0.0849402,0.983058,3.29E-19,0.000676719,0.000234153,5.30E-19,1,4.02E-13,0.882455,0.972799,1.74E-18,0.00589739,1.70E-09,0.980104,1.16E-18,2.26E-15
S946,0.39961546,7.55E-14,235.1012,28.017326,0.34084291,0.00446144,1.28E-12,0.148792,0.946254,1.01E-18,0.0032289,6.29E-05,1.14E-18,1,1.28E-12,0.929181,0.93069,6.70E-18,0.0336115,2.07E-09,0.936718,2.47E-18,1.81E-14
S947,0.27586546,5.66E-12,203.8512,23.079826,0.37834291,0.00413421,1.58E-12,0.166654,0.934591,2.04E-17,0.0125395,0.000262049,1.90E-17,1,1.58E-12,0.918608,0.917784,1.55E-16,0.123483,2.32E-09,0.923815,1.81E-17,7.26E-14
S948,0.77086546,1.79E-14,328.8512,3.3298255,0.22834291,0.00495226,5.75E-13,0.100327,0.975461,1.40E-20,6.93E-05,0.000213708,5.55E-20,1,5.75E-13,0.951321,0.963628,6.38E-21,0.000736151,2.23E-09,0.971094,7.49E-20,2.60E-16
S949,0.52336546,1.01E-10,266.3512,32.954826,0.15334291,0.00372361,2.60E-13,0.0682237,0.989082,3.31E-18,0.00401399,0.000536057,3.97E-18,1,2.60E-13,0.887877,0.984484,1.94E-17,0.0448937,1.31E-09,0.987156,1.36E-17,7.42E-15
S950,0.028365459,3.18E-13,391.3512,13.204826,0.1281476,0.00077834,1.81E-13,0.0558092,0.992397,1.41E-18,0.00030377,0,8.33E-19,1,1.81E-13,0.509319,0.990518,5.50E-18,0.0207792,1.08E-09,0.990965,6.63E-18,8.11E-17
S951,0.090240459,4.90E-11,250.7262,0.86107551,0.13459291,0.00153642,2.00E-13,0.0592475,0.991623,2.77E-19,0.000115213,0,1.30E-19,1,2.00E-13,0.883316,0.989645,1.68E-18,0.00319556,1.13E-09,0.990184,1.16E-18,7.32E-17
S952,0.58524046,1.55E-13,375.7262,20.611076,0.28459291,0.004904,8.94E-13,0.124856,0.962293,2.79E-19,0.001125,6.92E-05,3.94E-19,1,8.94E-13,0.903039,0.966278,1.34E-18,0.0109157,2.11E-09,0.955631,9.66E-19,5.69E-15
S953,0.83274046,8.72E-10,188.2262,10.736076,0.35959291,0.0074956,1.43E-12,0.163842,0.940804,2.21E-17,0.0162347,0.000255732,4.15E-17,1,1.43E-12,0.909371,0.921685,1.27E-16,0.0972881,3.29E-09,0.932274,2.07E-17,1.62E-13
S954,0.33774046,2.76E-12,313.2262,30.486076,0.20959291,0.00334248,4.85E-13,0.0919682,0.979652,1.57E-18,0.00263196,0.000272983,1.75E-18,1,4.85E-13,0.957017,0.971539,1.32E-17,0.0326146,1.48E-09,0.976061,5.90E-18,6.40E-15
S955,0.46149046,2.07E-10,344.4762,35.423576,0.24709291,0.00458701,6.75E-13,0.110516,0.971836,1.03E-17,0.0113697,0.000312489,1.46E-17,1,6.75E-13,0.917001,0.968449,8.11E-17,0.102689,2.07E-09,0.967543,2.12E-17,4.66E-14
S956,0.95649046,6.54E-13,219.4762,15.673576,0.39709291,0.00732721,1.74E-12,0.1759,0.926829,1.48E-18,0.00350959,6.45E-05,2.46E-18,1,1.74E-12,0.873112,0.922559,1.13E-17,0.0217989,3.46E-09,0.914313,1.71E-18,3.81E-14
S957,0.70899046,1.16E-11,281.9762,25.548576,0.32209291,0.00594103,1.15E-12,0.143039,0.95207,5.07E-18,0.00678316,0.000146692,7.02E-18,1,1.15E-12,0.877808,0.94812,3.27E-17,0.0492688,2.54E-09,0.944011,6.36E-18,4.79E-14
S958,0.21399046,3.68E-14,156.9762,5.7985755,0.17209291,0.00235594,3.27E-13,0.0749683,0.986223,1.72E-19,0.000224725,0.00159512,4.42E-19,1,3.27E-13,0.96444,0.981447,2.65E-19,0.00528494,1.18E-09,0.983622,9.13E-19,2.77E-16
S959,0.22172483,3.74E-11,283.92933,20.302482,0.18381166,0.00269973,3.73E-13,0.0810742,0.984402,3.53E-18,0.00335946,0.000514113,2.92E-18,1,3.73E-13,0.960018,0.979915,3.11E-17,0.0472872,1.22E-09,0.981831,1.28E-17,5.69E-15
S960,0.71672483,1.18E-13,158.92933,0.55248176,0.33381166,0.00582688,1.23E-12,0.146817,0.948105,1.97E-20,8.62E-05,4.47E-05,2.76E-20,1,1.23E-12,0.875883,0.951527,1.01E-19,0.000716231,2.59E-09,0.938992,5.15E-20,6.18E-16
S961,0.96422483,6.66E-10,346.42933,30.177482,0.25881166,0.00662456,7.40E-13,0.117264,0.969077,8.56E-18,0.0114514,0.000234076,1.68E-17,1,7.40E-13,0.877621,0.955096,5.74E-17,0.0722607,2.27E-09,0.964321,1.52E-17,7.16E-14
S962,0.46922483,2.10E-12,221.42933,10.427482,0.36691713,0.00513281,1.49E-12,0.161518,0.938108,2.64E-18,0.0032868,0.000144235,3.31E-18,1,1.49E-12,0.948524,0.872596,2.26E-17,0.0267559,2.53E-09,0.927506,2.93E-18,2.29E-14
S963,0.34547483,1.58E-10,190.17933,15.364982,0.14631166,0.00305512,2.37E-13,0.0648743,0.99008,3.43E-18,0.00306611,0.000670581,2.94E-18,1,2.37E-13,0.89388,0.98689,2.07E-17,0.0423552,1.23E-09,0.988355,1.41E-17,4.39E-15
S964,0.84047483,4.99E-13,315.17933,35.114982,0.29631166,0.0059583,9.70E-13,0.130853,0.958951,7.94E-19,0.00300756,6.06E-05,1.18E-18,1,9.70E-13,0.920713,0.946529,5.36E-18,0.0234951,2.71E-09,0.951818,2.13E-18,1.94E-14
S965,0.59297483,8.88E-12,252.67933,5.4899818,0.37131166,0.00586529,1.52E-12,0.16461,0.936718,2.12E-18,0.00210073,0.000170754,2.90E-18,1,1.52E-12,0.897902,0.932615,1.37E-17,0.0149761,2.47E-09,0.926149,1.96E-18,1.70E-14
S966,0.097974834,2.81E-14,377.67933,25.239982,0.22131166,0.00181102,5.40E-13,0.0958653,0.977357,5.18E-19,0.000852699,0.000441357,5.18E-19,1,5.40E-13,0.954766,0.970233,3.01E-18,0.0219685,1.37E-09,0.973243,2.86E-18,1.17E-15
S967,0.036099834,3.24E-10,268.30433,37.583732,0.11437807,0.00105955,1.45E-13,0.0507266,0.993911,3.86E-17,0.0078773,0.00331358,9.76E-18,1,1.45E-13,0.575065,0.992292,2.46E-16,0.312677,9.59E-10,0.992855,1.49E-16,2.94E-15
S968,0.53109983,1.02E-12,393.30433,17.833732,0.20256166,0.00402063,4.53E-13,0.089025,0.980875,3.04E-19,0.000772941,0.000249028,5.36E-19,1,4.53E-13,0.955778,0.973615,2.23E-18,0.00836599,1.54E-09,0.977439,1.40E-18,2.15E-15
S969,0.77859983,1.82E-11,205.80433,27.708732,0.12756166,0.00392658,1.80E-13,0.0566139,0.992418,1.46E-18,0.00147937,0.00156474,3.22E-18,1,1.80E-13,0.795902,0.987524,4.11E-18,0.0194024,1.12E-09,0.990941,6.13E-18,2.06E-15
S970,0.28359983,5.76E-14,330.80433,7.9587318,0.27756166,0.0034145,8.50E-13,0.120875,0.964312,1.36E-19,0.000445181,0.000100432,1.53E-19,1,8.50E-13,0.94215,0.953865,7.87E-19,0.00611882,1.76E-09,0.95791,5.66E-19,1.52E-15
S971,0.40734983,4.32E-12,362.05433,3.0212318,0.31506166,0.00449829,1.10E-12,0.138687,0.954285,4.54E-19,0.000543306,0.000174031,4.92E-19,1,1.10E-12,0.954824,0.908158,3.29E-18,0.00496854,2.15E-09,0.946538,6.45E-19,2.82E-15
S972,0.90234983,1.37E-14,237.05433,22.771232,0.16506166,0.00454406,3.00E-13,0.0728445,0.987131,1.30E-19,0.000239694,0.00204606,9.13E-19,1,3.00E-13,0.861623,0.976218,3.20E-20,0.00355799,1.55E-09,0.984758,5.78E-19,4.46E-16
S973,0.65484983,7.69E-11,299.55433,12.896232,0.24006166,0.00511435,6.37E-13,0.10709,0.973364,2.08E-18,0.00306338,0.000220638,2.98E-18,1,6.37E-13,0.941561,0.962946,1.64E-17,0.0253345,2.23E-09,0.968978,4.66E-18,1.35E-14
S974,0.15984983,2.43E-13,174.55433,32.646232,0.39006166,0.00310256,1.68E-12,0.169983,0.930362,1.35E-17,0.0112958,0.000195568,9.89E-18,1,1.68E-12,0.92134,0.906495,1.69E-16,0.14925,2.54E-09,0.918248,1.49E-17,5.06E-14
S975,0.19078733,1.10E-10,385.49183,6.7243568,0.11818666,0.00207725,1.54E-13,0.0521505,0.993541,9.02E-19,0.000430491,0.00208326,6.17E-19,1,1.54E-13,0.83668,0.991715,3.24E-18,0.00903468,9.89E-10,0.99231,3.82E-18,2.96E-16
S976,0.68578733,3.48E-13,260.49183,26.474357,0.26818666,0.00515568,7.94E-13,0.11803,0.966449,5.83E-19,0.00217663,8.13E-05,8.83E-19,1,7.94E-13,0.907099,0.957561,3.56E-18,0.0197692,2.22E-09,0.960566,1.99E-18,1.09E-14
S977,0.93328733,6.19E-12,322.99183,16.599357,0.34318666,0.00687643,1.30E-12,0.152796,0.945346,2.00E-18,0.00340691,0.000109282,3.26E-18,1,1.30E-12,0.912394,0.922053,1.24E-17,0.0221111,3.23E-09,0.936149,2.38E-18,2.98E-14
S978,0.43828733,1.96E-14,197.99183,36.349357,0.19318666,0.00350599,4.12E-13,0.0844622,0.982541,4.08E-19,0.00104123,0.000579596,1.31E-18,1,4.12E-13,0.955615,0.978195,2.45E-19,0.0160501,1.37E-09,0.979309,2.19E-18,2.25E-15
S979,0.31453733,2.61E-11,229.24183,31.411857,0.23068666,0.00352497,5.88E-13,0.101935,0.97544,7.67E-18,0.00837687,0.00030473,7.39E-18,1,5.88E-13,0.966024,0.951742,7.23E-17,0.0930425,1.56E-09,0.971415,1.89E-17,2.43E-14
S980,0.80953733,8.26E-14,354.24183,11.661857,0.38068666,0.00657667,1.60E-12,0.16768,0.932638,1.99E-19,0.000930364,3.48E-05,3.01E-19,1,1.60E-12,0.900877,0.927162,7.40E-19,0.00691105,2.71E-09,0.920877,4.09E-19,8.66E-15
S981,0.56203733,4.64E-10,166.74183,21.536857,0.30568666,0.00573001,1.03E-12,0.137833,0.957049,3.22E-17,0.0256372,0.000295929,4.89E-17,1,1.03E-12,0.909411,0.949802,2.30E-16,0.196696,2.62E-09,0.950838,4.06E-17,1.65E-13
S982,0.067037334,1.47E-12,291.74183,1.7868568,0.15568666,0.00132175,2.67E-13,0.0679072,0.988798,2.13E-19,0.000113408,0,1.47E-19,1,2.67E-13,0.749944,0.98608,1.49E-18,0.00385069,1.31E-09,0.986774,1.02E-18,7.27E-17
S983,0.12891233,1.27E-11,151.11683,14.130607,0.28693666,0.00256351,9.09E-13,0.126426,0.962148,1.87E-17,0.00932719,0.000452637,1.13E-17,1,9.09E-13,0.941368,0.949905,1.81E-16,0.148918,1.79E-09,0.956202,2.67E-17,2.50E-14
S984,0.62391233,4.02E-14,276.11683,33.880607,0.13693666,0.00353274,2.07E-13,0.060399,0.991189,2.93E-19,0.000257786,0.00492125,1.43E-18,1,2.07E-13,0.904434,0.986665,9.34E-20,0.00586386,1.22E-09,0.989473,1.29E-18,2.90E-16
S985,0.87141233,2.26E-10,213.61683,4.2556068,0.21193666,0.00556062,4.96E-13,0.0951014,0.979219,8.16E-19,0.00135315,0.000219768,1.24E-18,1,4.96E-13,0.875901,0.969537,6.52E-18,0.0101401,1.84E-09,0.975804,2.26E-18,5.64E-15
S986,0.37641233,7.15E-13,338.61683,24.005607,0.36193666,0.00454401,1.45E-12,0.15855,0.939736,2.70E-18,0.00388185,0.000126512,2.98E-18,1,1.45E-12,0.923957,0.921039,2.49E-17,0.034912,2.41E-09,0.92927,3.56E-18,2.36E-14
S987,0.50016233,9.54E-10,307.36683,28.943107,0.39943666,0.00652575,1.76E-12,0.181911,0.927172,7.60E-17,0.0404472,0.000349506,1.37E-16,1,1.76E-12,0.857672,0.922146,4.14E-16,0.275931,3.35E-09,0.917645,6.44E-17,3.92E-13
S988,0.99516233,3.02E-12,182.36683,9.1931068,0.24943666,0.00599476,6.87E-13,0.110867,0.970814,4.95E-19,0.00145741,9.55E-05,7.50E-19,1,6.87E-13,0.931554,0.958055,4.09E-18,0.0109614,2.33E-09,0.965804,1.39E-18,7.86E-15
S989,0.74766233,5.36E-11,369.86683,38.818107,0.17443666,0.00458215,3.36E-13,0.077682,0.985871,1.90E-18,0.00337308,0.000331417,2.99E-18,1,3.36E-13,0.882508,0.97818,1.10E-17,0.0316048,1.53E-09,0.983415,7.50E-18,9.04E-15
S990,0.25266233,1.70E-13,244.86683,19.068107,0.32443666,0.00351438,1.16E-12,0.141347,0.95145,1.44E-18,0.00266218,0.000114561,1.27E-18,1,1.16E-12,0.934092,0.935485,1.91E-17,0.0316433,2.17E-09,0.942884,3.03E-18,1.11E-14
S991,0.23719358,5.56E-10,209.71058,2.4040443,0.21662416,0.0033825,5.18E-13,0.0970422,0.97824,2.15E-18,0.00162064,0.000505491,2.16E-18,1,5.18E-13,0.93245,0.975809,1.91E-17,0.0204752,1.84E-09,0.975348,5.28E-18,4.28E-15
S992,0.73219358,1.76E-12,334.71058,22.154044,0.36662416,0.00628596,1.49E-12,0.162136,0.93784,2.21E-18,0.00387659,9.92E-05,3.29E-18,1,1.49E-12,0.919381,0.918291,1.62E-17,0.0263121,2.65E-09,0.927196,2.60E-18,3.32E-14
S993,0.97969358,3.13E-11,272.21058,12.279044,0.29162416,0.00660861,9.38E-13,0.130395,0.960582,2.04E-18,0.00326669,0.000140876,3.25E-18,1,9.38E-13,0.928184,0.942087,1.29E-17,0.0219781,2.87E-09,0.954049,3.00E-18,2.31E-14
S994,0.48469358,9.89E-14,397.21058,32.029044,0.14162416,0.00318601,2.21E-13,0.0620805,0.990638,2.76E-19,0.00028806,0.00297463,1.00E-18,1,2.21E-13,0.964002,0.987729,2.17E-19,0.00599774,1.31E-09,0.98884,1.31E-18,3.36E-16
S995,0.36094358,7.41E-12,303.46058,36.966544,0.37922182,0.00470849,1.59E-12,0.167434,0.934243,1.82E-17,0.0134862,0.000234196,2.09E-17,1,1.59E-12,0.752134,0.917017,1.21E-16,0.124052,3.24E-09,0.923314,1.64E-17,8.92E-14
S996,0.85594358,2.34E-14,178.46058,17.216544,0.25412416,0.00549986,7.13E-13,0.112105,0.969618,1.40E-19,0.000870196,9.80E-05,4.20E-19,1,7.13E-13,0.953017,0.951168,9.94E-20,0.00811409,1.99E-09,0.964258,7.26E-19,4.29E-15
S997,0.60844358,1.32E-10,365.96058,27.091544,0.32912416,0.00590261,1.20E-12,0.147591,0.950237,1.34E-17,0.0115499,0.000260079,2.16E-17,1,1.20E-12,0.869719,0.945728,8.40E-17,0.0826477,2.79E-09,0.942499,1.44E-17,8.30E-14
S998,0.11344358,4.17E-13,240.96058,7.3415443,0.17912416,0.00179658,3.54E-13,0.0780014,0.985141,4.92E-19,0.000478322,0.000980676,4.94E-19,1,3.54E-13,0.963585,0.98016,4.83E-18,0.0109178,1.16E-09,0.982449,2.43E-18,5.04E-16
S999,0.051568584,1.52E-11,350.33558,19.685294,0.10353822,0.000998187,1.18E-13,0.0453491,0.995041,4.36E-18,0.000776705,0,1.80E-18,1,1.18E-13,0.720141,0.993704,1.41E-17,0.0383699,8.67E-10,0.993998,1.85E-17,1.88E-16
